delivery_id,pred_service_min,pred_late_prob
ORD0092308,8.36166000366211,0.0001547246938571334
ORD0092309,8.067530632019043,0.0005304976366460323
ORD0092310,12.087657928466797,0.00031862774631008506
ORD0092311,11.857336044311523,0.004319203086197376
ORD0092312,14.509267807006836,0.008601251058280468
ORD0092313,14.912646293640137,0.0585673563182354
ORD0092314,18.228578567504883,0.00033226958476006985
ORD0092315,27.423377990722656,0.8034474849700928
ORD0092316,22.550506591796875,0.0006788548780605197
ORD0092317,10.290541648864746,0.00024380380637012422
ORD0092318,7.289175987243652,0.00014298160385806113
ORD0092319,8.272601127624512,0.0009368092869408429
ORD0092320,19.026193618774414,0.00043045368511229753
ORD0092321,16.45820426940918,0.00015621143393218517
ORD0092322,20.07040023803711,0.9821316003799438
ORD0092323,14.653116226196289,0.004161261487752199
ORD0092324,13.378310203552246,0.3773510158061981
ORD0092325,9.686223030090332,0.016215654090046883
ORD0092326,15.897001266479492,0.0016127281123772264
ORD0092327,17.109331130981445,0.9286311864852905
ORD0092328,17.545316696166992,0.6265845894813538
ORD0092329,13.263659477233887,0.057107336819171906
ORD0092330,11.180041313171387,9.943147597368807e-05
ORD0092331,11.407388687133789,0.5654731392860413
ORD0092332,21.969738006591797,0.00012442178558558226
ORD0092333,14.35013198852539,6.871705409139395e-05
ORD0092334,9.60439395904541,0.00048718423931859434
ORD0092335,12.577396392822266,0.0010800795862451196
ORD0092336,10.976973533630371,0.00014056373038329184
ORD0092337,16.786495208740234,0.011264618486166
ORD0092338,17.34619140625,0.0011446642456576228
ORD0092339,13.743955612182617,0.1516331434249878
ORD0092340,13.799871444702148,0.004221845883876085
ORD0092341,24.104642868041992,0.00026015244657173753
ORD0092342,9.000642776489258,0.7277933955192566
ORD0092343,8.104490280151367,0.03279513865709305
ORD0092344,11.188898086547852,0.01059083640575409
ORD0092345,23.96051597595215,0.0015881427098065615
ORD0092346,16.48628807067871,0.0002217816945631057
ORD0092347,13.613836288452148,0.0003976832958869636
ORD0092348,18.541519165039062,0.0270973090082407
ORD0092349,14.558387756347656,0.0008038977975957096
ORD0092350,16.638145446777344,0.00044398719910532236
ORD0092351,15.921939849853516,0.0002524592855479568
ORD0092352,11.199396133422852,0.610320508480072
ORD0092353,8.936363220214844,0.0030389749445021152
ORD0092354,18.561843872070312,0.9616485238075256
ORD0092355,13.960716247558594,0.014362147077918053
ORD0092356,7.932690620422363,0.00288370531052351
ORD0092357,31.6907958984375,0.0003601741627790034
ORD0092358,18.26784896850586,0.0003340498369652778
ORD0092359,11.07993221282959,0.001135262893512845
ORD0092360,12.389631271362305,0.0003272172180004418
ORD0092361,12.600507736206055,0.006468878593295813
ORD0092362,12.056562423706055,0.001832372392527759
ORD0092363,23.38530731201172,0.0002966806059703231
ORD0092364,15.508559226989746,0.04886874556541443
ORD0092365,13.096080780029297,0.0031690895557403564
ORD0092366,17.348209381103516,0.00042329460848122835
ORD0092367,17.430419921875,0.0003126354713458568
ORD0092368,13.826135635375977,0.0012727881548926234
ORD0092369,18.35519027709961,0.00032064260449260473
ORD0092370,19.153461456298828,0.3410702645778656
ORD0092371,19.664899826049805,0.3673931360244751
ORD0092372,14.196104049682617,0.6448460817337036
ORD0092373,15.070109367370605,0.13238593935966492
ORD0092374,13.020519256591797,0.21482007205486298
ORD0092375,11.741650581359863,0.898830771446228
ORD0092376,10.680916786193848,0.6274009943008423
ORD0092377,8.919870376586914,0.0019657707307487726
ORD0092378,15.811037063598633,0.001972784288227558
ORD0092379,11.461559295654297,0.001535931951366365
ORD0092380,8.825112342834473,0.0004539291257970035
ORD0092381,10.529473304748535,0.00041601198608987033
ORD0092382,10.393733024597168,0.016723325476050377
ORD0092383,9.970658302307129,0.0005731239798478782
ORD0092384,6.5048370361328125,0.15915338695049286
ORD0092385,7.166757583618164,0.010911716148257256
ORD0092386,9.890728950500488,0.6739588379859924
ORD0092387,10.679473876953125,0.06725358217954636
ORD0092388,11.057844161987305,0.9473832845687866
ORD0092389,8.709691047668457,0.1859971433877945
ORD0092390,11.060823440551758,0.0005904425051994622
ORD0092391,10.441108703613281,0.00013960171781945974
ORD0092392,10.617951393127441,0.00015527242794632912
ORD0092393,9.167920112609863,0.0014800294302403927
ORD0092394,9.507181167602539,0.0003982091147918254
ORD0092395,8.081204414367676,0.0001880389463622123
ORD0092396,7.144894599914551,0.0001715389807941392
ORD0092397,9.66871452331543,0.019960440695285797
ORD0092398,9.2774076461792,0.13291960954666138
ORD0092399,10.895271301269531,0.5906049609184265
ORD0092400,9.67673110961914,0.001796093420125544
ORD0092401,11.458527565002441,0.9674841165542603
ORD0092402,13.35645866394043,0.0002786598925013095
ORD0092403,21.89435577392578,0.0001859665208030492
ORD0092404,26.62457275390625,0.012681219726800919
ORD0092405,8.722482681274414,0.0010455686133354902
ORD0092406,10.879801750183105,0.04906351491808891
ORD0092407,13.568061828613281,0.00752932159230113
ORD0092408,12.185468673706055,0.42494258284568787
ORD0092409,20.211200714111328,0.00021135144925210625
ORD0092410,17.895490646362305,0.00033446698216721416
ORD0092411,12.382863998413086,0.0005373178864829242
ORD0092412,18.30729103088379,0.0023723759222775698
ORD0092413,18.075716018676758,0.0032491416204720736
ORD0092414,12.000389099121094,0.0001285114703932777
ORD0092415,9.715179443359375,0.00014313821156974882
ORD0092416,14.764708518981934,0.0361495278775692
ORD0092417,13.014118194580078,0.00013118056813254952
ORD0092418,12.473913192749023,0.00029921295936219394
ORD0092419,75.18509674072266,0.0003145710797980428
ORD0092420,29.728761672973633,0.000201766102691181
ORD0092421,20.489177703857422,0.7913761734962463
ORD0092422,9.811333656311035,0.2531382739543915
ORD0092423,8.090049743652344,0.18515317142009735
ORD0092424,13.100133895874023,0.9408116936683655
ORD0092425,18.601531982421875,0.9810438752174377
ORD0092426,12.037521362304688,0.5375858545303345
ORD0092427,12.953423500061035,0.4793012738227844
ORD0092428,11.199959754943848,0.26926305890083313
ORD0092429,11.130773544311523,0.4894391894340515
ORD0092430,10.296228408813477,0.47094881534576416
ORD0092431,11.4451265335083,0.6821097731590271
ORD0092432,18.939594268798828,0.07802669703960419
ORD0092433,13.12312126159668,0.09846572577953339
ORD0092434,15.381536483764648,0.8468530774116516
ORD0092435,34.59198760986328,0.10056338459253311
ORD0092436,15.58720874786377,0.002475534565746784
ORD0092437,13.610519409179688,0.037568483501672745
ORD0092438,12.17896842956543,0.009877304546535015
ORD0092439,30.549518585205078,0.10010525584220886
ORD0092440,25.414169311523438,0.455109179019928
ORD0092441,21.350526809692383,0.847250759601593
ORD0092442,22.76679801940918,0.9451607465744019
ORD0092443,7.778254508972168,0.00015131005784496665
ORD0092444,8.976995468139648,0.03462252765893936
ORD0092445,7.17213249206543,0.0001499049976700917
ORD0092446,8.124948501586914,0.02638334594666958
ORD0092447,12.155118942260742,0.00010883463255595416
ORD0092448,12.225835800170898,0.00047985039418563247
ORD0092449,12.291048049926758,0.0025613433681428432
ORD0092450,17.83053970336914,0.004408662673085928
ORD0092451,15.109457015991211,0.0006613465957343578
ORD0092452,23.92361831665039,0.12242015451192856
ORD0092453,8.452642440795898,0.00021313554316293448
ORD0092454,6.398240089416504,0.00047155676293186843
ORD0092455,7.175017356872559,0.0003718653169926256
ORD0092456,7.307887077331543,0.0002615222183521837
ORD0092457,17.637821197509766,0.00023343499924521893
ORD0092458,18.879112243652344,0.00011823445674963295
ORD0092459,19.479890823364258,0.7120810747146606
ORD0092460,14.081926345825195,0.1320086270570755
ORD0092461,11.787931442260742,0.9576265811920166
ORD0092462,13.884488105773926,0.4368375837802887
ORD0092463,9.669634819030762,0.0007048380794003606
ORD0092464,14.830924987792969,0.007483743131160736
ORD0092465,51.856117248535156,0.0010910367127507925
ORD0092466,51.04583740234375,0.0005507205496542156
ORD0092467,11.812416076660156,7.961467781569809e-05
ORD0092468,10.177966117858887,0.05436249077320099
ORD0092469,9.602166175842285,0.0004328181385062635
ORD0092470,11.06468391418457,0.43848860263824463
ORD0092471,16.10582160949707,0.00010164524428546429
ORD0092472,15.798270225524902,0.00014845450641587377
ORD0092473,8.108149528503418,0.0010320658329874277
ORD0092474,6.331207275390625,0.0003708725853357464
ORD0092475,12.235223770141602,0.007006870117038488
ORD0092476,11.309414863586426,0.0012382334098219872
ORD0092477,19.261396408081055,0.05517590418457985
ORD0092478,17.611988067626953,0.009883532300591469
ORD0092479,12.450790405273438,0.47567978501319885
ORD0092480,12.607763290405273,0.21952539682388306
ORD0092481,22.895641326904297,0.00034720657276920974
ORD0092482,21.303564071655273,0.0003489225928205997
ORD0092483,9.149285316467285,0.9239087104797363
ORD0092484,10.396242141723633,0.00018240224744658917
ORD0092485,10.512009620666504,0.00014635437401011586
ORD0092486,21.320720672607422,0.0004458962648641318
ORD0092487,16.8973331451416,0.000323545653373003
ORD0092488,11.060860633850098,0.0002601038431748748
ORD0092489,11.161134719848633,0.00028678352828137577
ORD0092490,16.768774032592773,0.003538185264915228
ORD0092491,17.833309173583984,0.0026755928993225098
ORD0092492,18.632137298583984,0.00028405580087564886
ORD0092493,15.297728538513184,0.00025710888439789414
ORD0092494,9.438559532165527,0.07576137781143188
ORD0092495,7.345889091491699,0.03332878649234772
ORD0092496,16.486230850219727,0.38686174154281616
ORD0092497,16.654376983642578,0.2607497274875641
ORD0092498,6.495079040527344,0.0005500823608599603
ORD0092499,6.5227766036987305,0.00031761653372086585
ORD0092500,11.48399543762207,0.0030130278319120407
ORD0092501,11.403321266174316,0.018216310068964958
ORD0092502,12.145217895507812,0.014916729182004929
ORD0092503,11.976235389709473,0.07660581916570663
ORD0092504,23.827301025390625,0.0003743244451470673
ORD0092505,19.47008514404297,0.0027005495503544807
ORD0092506,12.846395492553711,0.047935206443071365
ORD0092507,14.211790084838867,0.0009700355585664511
ORD0092508,14.04671859741211,0.0026668631471693516
ORD0092509,12.866788864135742,0.012430069036781788
ORD0092510,17.070663452148438,0.0003996955929324031
ORD0092511,16.933691024780273,0.0003113053971901536
ORD0092512,11.061240196228027,0.0006035378901287913
ORD0092513,12.111188888549805,0.0003916303103324026
ORD0092514,13.814657211303711,0.00045709300320595503
ORD0092515,9.554852485656738,0.0005001237150281668
ORD0092516,9.66373348236084,0.0018827602034434676
ORD0092517,7.498823165893555,0.0006987662636674941
ORD0092518,7.547555923461914,0.0017829930875450373
ORD0092519,9.789618492126465,0.008122526109218597
ORD0092520,12.69478702545166,0.0014328394317999482
ORD0092521,11.856325149536133,0.0028895160648971796
ORD0092522,9.742853164672852,0.000881260959431529
ORD0092523,12.173786163330078,0.0018434523371979594
ORD0092524,7.656359672546387,0.012545069679617882
ORD0092525,9.306280136108398,0.0599781833589077
ORD0092526,7.49378776550293,0.0009549905662424862
ORD0092527,7.815877914428711,0.03506070375442505
ORD0092528,5.163913726806641,0.017995666712522507
ORD0092529,7.794929504394531,0.010389202274382114
ORD0092530,8.850433349609375,0.07259143143892288
ORD0092531,7.825313568115234,0.2817045748233795
ORD0092532,6.986606597900391,0.048577215522527695
ORD0092533,8.26600456237793,0.00025811613886617124
ORD0092534,7.901524543762207,7.354258559644222e-05
ORD0092535,9.064554214477539,0.0008354401215910912
ORD0092536,7.28814697265625,4.625615110853687e-05
ORD0092537,5.829656600952148,7.402610208373517e-05
ORD0092538,5.5382080078125,4.953825555276126e-05
ORD0092539,7.727209091186523,0.003887760452926159
ORD0092540,7.169367790222168,6.72203823341988e-05
ORD0092541,7.128399848937988,0.025550398975610733
ORD0092542,6.101471900939941,0.00011319929035380483
ORD0092543,8.88437557220459,0.27591872215270996
ORD0092544,6.948934555053711,0.000131571912788786
ORD0092545,6.992769241333008,5.35885919816792e-05
ORD0092546,11.747633934020996,0.00011734501458704472
ORD0092547,10.348346710205078,0.00012458895798772573
ORD0092548,15.48064136505127,9.727221913635731e-05
ORD0092549,18.675796508789062,0.00012383871944621205
ORD0092550,5.930159568786621,0.0001739692670525983
ORD0092551,7.189067840576172,0.00023800581402610987
ORD0092552,9.745469093322754,0.0003454240504652262
ORD0092553,15.423847198486328,0.00018271627777721733
ORD0092554,13.599103927612305,0.00044121401151642203
ORD0092555,16.392683029174805,8.419025834882632e-05
ORD0092556,15.048856735229492,0.003333847736939788
ORD0092557,13.41331672668457,9.958157897926867e-05
ORD0092558,11.150711059570312,0.00011654577974695712
ORD0092559,7.685998916625977,7.391232793452218e-05
ORD0092560,10.407259941101074,0.015480048023164272
ORD0092561,13.95399284362793,0.0004271370416972786
ORD0092562,10.931334495544434,0.00010222466517006978
ORD0092563,14.07850456237793,0.0960068479180336
ORD0092564,11.628007888793945,0.12700074911117554
ORD0092565,7.868577003479004,0.03488745167851448
ORD0092566,6.339719772338867,0.023532774299383163
ORD0092567,9.217207908630371,0.31997713446617126
ORD0092568,6.836241722106934,0.3188960552215576
ORD0092569,20.814285278320312,0.6836800575256348
ORD0092570,14.752510070800781,0.5399670004844666
ORD0092571,10.951087951660156,0.04494771361351013
ORD0092572,9.123047828674316,0.04822651669383049
ORD0092573,8.302980422973633,0.08360263705253601
ORD0092574,8.209535598754883,0.2461380660533905
ORD0092575,15.126274108886719,0.09740374982357025
ORD0092576,15.148048400878906,0.1040400043129921
ORD0092577,11.10467529296875,0.2833283841609955
ORD0092578,8.95283317565918,0.24859631061553955
ORD0092579,13.880839347839355,0.0006574857397936285
ORD0092580,10.13032054901123,0.0004743883037008345
ORD0092581,12.014139175415039,0.001754270400851965
ORD0092582,31.444957733154297,0.006523775402456522
ORD0092583,14.481285095214844,0.14525017142295837
ORD0092584,8.67129898071289,0.00014551097410731018
ORD0092585,8.678536415100098,0.0003194574674125761
ORD0092586,8.404821395874023,0.0004786691861227155
ORD0092587,13.32504653930664,0.00021905760513618588
ORD0092588,11.343042373657227,0.001584459561854601
ORD0092589,11.8367280960083,0.00010446306259837002
ORD0092590,10.890193939208984,0.0006625764654017985
ORD0092591,12.212469100952148,0.0007652656640857458
ORD0092592,12.869441986083984,0.0001863069337559864
ORD0092593,19.60873031616211,0.0022414501290768385
ORD0092594,24.820209503173828,0.04982297495007515
ORD0092595,21.441804885864258,0.0037374969106167555
ORD0092596,10.213518142700195,0.0002011253236560151
ORD0092597,8.112650871276855,7.953902240842581e-05
ORD0092598,17.660598754882812,0.00018288151477463543
ORD0092599,19.100799560546875,0.47016283869743347
ORD0092600,12.617927551269531,0.013064284808933735
ORD0092601,12.664352416992188,0.9550949931144714
ORD0092602,10.551945686340332,0.782271146774292
ORD0092603,12.052013397216797,0.0005056734080426395
ORD0092604,12.309545516967773,0.00011411498417146504
ORD0092605,13.641265869140625,0.00022191664902493358
ORD0092606,18.787965774536133,0.9540829062461853
ORD0092607,11.800037384033203,0.0001269139611395076
ORD0092608,10.321878433227539,5.5263066315092146e-05
ORD0092609,11.552282333374023,0.00024185898655559868
ORD0092610,18.570741653442383,0.00012913708633277565
ORD0092611,8.65351676940918,0.0002348588895983994
ORD0092612,7.5911970138549805,7.228893809951842e-05
ORD0092613,13.684986114501953,0.000453135377028957
ORD0092614,18.560956954956055,0.0017135066445916891
ORD0092615,12.594473838806152,0.0277273990213871
ORD0092616,11.961902618408203,0.00024885687162168324
ORD0092617,25.162553787231445,0.00022200087551027536
ORD0092618,21.266494750976562,6.839690468041226e-05
ORD0092619,9.6639986038208,0.19730250537395477
ORD0092620,7.4087371826171875,0.0003537797601893544
ORD0092621,11.43639087677002,0.00010702494182623923
ORD0092622,61.460296630859375,0.0012110612588003278
ORD0092623,35.35514450073242,0.09027320891618729
ORD0092624,29.557260513305664,0.0002472712949384004
ORD0092625,16.585268020629883,0.0004600464308168739
ORD0092626,16.17438507080078,0.0002808539429679513
ORD0092627,14.015214920043945,0.00029521368560381234
ORD0092628,12.30615234375,0.00039318238850682974
ORD0092629,18.00956916809082,0.0028888569213449955
ORD0092630,16.257919311523438,0.0012628452386707067
ORD0092631,14.903650283813477,0.00025676004588603973
ORD0092632,10.491031646728516,0.07474502921104431
ORD0092633,14.554988861083984,0.4746173918247223
ORD0092634,8.09443473815918,0.0006214751629158854
ORD0092635,52.43962097167969,0.0002871515171136707
ORD0092636,10.927876472473145,0.006720277015119791
ORD0092637,12.255276679992676,0.0032348206732422113
ORD0092638,12.837772369384766,0.03926265239715576
ORD0092639,11.190530776977539,0.016941528767347336
ORD0092640,29.250873565673828,0.0004594101046677679
ORD0092641,17.92498016357422,0.0008783235680311918
ORD0092642,13.14315414428711,0.11627638339996338
ORD0092643,14.333191871643066,0.0608261413872242
ORD0092644,18.1517333984375,0.0020020820666104555
ORD0092645,18.41282081604004,0.0006748857558704913
ORD0092646,17.65694236755371,0.007905160076916218
ORD0092647,11.644098281860352,0.0036073834635317326
ORD0092648,18.306446075439453,0.0002750036946963519
ORD0092649,10.225502967834473,0.0004923561937175691
ORD0092650,13.684806823730469,0.0002890216710511595
ORD0092651,10.52877140045166,0.0009610210545361042
ORD0092652,8.756402969360352,0.0009064616169780493
ORD0092653,15.557256698608398,0.05934463441371918
ORD0092654,12.122675895690918,0.0011532914359122515
ORD0092655,11.811076164245605,0.0010669429320842028
ORD0092656,8.91100788116455,0.0030654522124677896
ORD0092657,7.489154815673828,0.0009890820365399122
ORD0092658,9.290081024169922,0.009117258712649345
ORD0092659,7.478302001953125,0.0014649902004748583
ORD0092660,7.229311943054199,0.029942210763692856
ORD0092661,8.543159484863281,0.01787448674440384
ORD0092662,10.39755916595459,0.18758410215377808
ORD0092663,9.089211463928223,0.7015389204025269
ORD0092664,8.018731117248535,0.04312683641910553
ORD0092665,10.456910133361816,0.00011271447874605656
ORD0092666,10.065343856811523,5.755732854595408e-05
ORD0092667,9.991050720214844,8.078347309492528e-05
ORD0092668,9.106367111206055,0.0001787011860869825
ORD0092669,7.957540512084961,6.564286741195247e-05
ORD0092670,8.304952621459961,0.0005401039961725473
ORD0092671,8.136067390441895,8.295170118799433e-05
ORD0092672,8.297772407531738,0.001052230247296393
ORD0092673,8.350860595703125,9.989078534999862e-05
ORD0092674,10.35377025604248,0.005121039226651192
ORD0092675,9.222626686096191,0.00014687975635752082
ORD0092676,8.850240707397461,6.785386358387768e-05
ORD0092677,9.31513786315918,6.42275481368415e-05
ORD0092678,12.995959281921387,0.0001300371513934806
ORD0092679,10.916032791137695,0.00013306934852153063
ORD0092680,19.807010650634766,9.81948760454543e-05
ORD0092681,21.876035690307617,0.0001567200233694166
ORD0092682,7.681308746337891,0.00026522018015384674
ORD0092683,14.59720230102539,0.001206080662086606
ORD0092684,10.234512329101562,0.00024744629627093673
ORD0092685,31.961761474609375,0.0004086644039489329
ORD0092686,41.7110481262207,0.0003044509794563055
ORD0092687,18.38529396057129,0.00040971176349557936
ORD0092688,17.30278968811035,0.0051586320623755455
ORD0092689,13.025310516357422,0.0015756274806335568
ORD0092690,19.415674209594727,0.06941553205251694
ORD0092691,12.132692337036133,0.00025207229191437364
ORD0092692,9.149116516113281,0.000440266594523564
ORD0092693,15.924362182617188,0.6986632347106934
ORD0092694,13.687776565551758,0.043397121131420135
ORD0092695,13.463020324707031,0.0003143989888485521
ORD0092696,11.096641540527344,0.0010104032699018717
ORD0092697,16.31890869140625,0.22567002475261688
ORD0092698,13.778180122375488,0.020009074360132217
ORD0092699,8.414504051208496,0.03514191880822182
ORD0092700,7.82193660736084,0.016706442460417747
ORD0092701,11.80642318725586,0.35653156042099
ORD0092702,8.794492721557617,0.03167080506682396
ORD0092703,21.45590591430664,0.9142243266105652
ORD0092704,18.201045989990234,0.17206785082817078
ORD0092705,13.273014068603516,0.0891050398349762
ORD0092706,11.480151176452637,0.207398921251297
ORD0092707,11.034688949584961,0.12044249475002289
ORD0092708,10.582161903381348,0.3188156485557556
ORD0092709,9.78445816040039,0.20409873127937317
ORD0092710,19.485267639160156,0.11134545505046844
ORD0092711,14.17264175415039,0.08731181174516678
ORD0092712,14.535686492919922,0.20516477525234222
ORD0092713,10.97655963897705,0.22371520102024078
ORD0092714,14.56399917602539,0.003190897637978196
ORD0092715,12.760562896728516,0.013341344892978668
ORD0092716,12.476856231689453,0.012424662709236145
ORD0092717,14.131193161010742,0.06761933118104935
ORD0092718,35.83534240722656,0.11322227865457535
ORD0092719,18.94057846069336,0.7707061767578125
ORD0092720,23.223066329956055,0.6598833203315735
ORD0092721,25.96438980102539,0.00036025108420290053
ORD0092722,11.000877380371094,0.002226348500698805
ORD0092723,10.580451965332031,0.00015936014824546874
ORD0092724,11.642054557800293,0.18606436252593994
ORD0092725,10.016300201416016,0.00017163682787213475
ORD0092726,15.3026123046875,0.08939818292856216
ORD0092727,13.564135551452637,0.00017256102000828832
ORD0092728,15.366971969604492,0.00020809765555895865
ORD0092729,13.418951988220215,0.007519696839153767
ORD0092730,18.2926082611084,0.0009790158364921808
ORD0092731,17.722393035888672,0.0013321343576535583
ORD0092732,17.65345001220703,0.006132367067039013
ORD0092733,23.2493839263916,0.44744911789894104
ORD0092734,24.435617446899414,0.07523518055677414
ORD0092735,9.476153373718262,0.00015458284178748727
ORD0092736,9.529337882995605,0.00020871605374850333
ORD0092737,11.372930526733398,0.00022317832917906344
ORD0092738,10.654029846191406,0.006862624082714319
ORD0092739,23.33238983154297,0.0001740004518069327
ORD0092740,19.785594940185547,0.0002573862730059773
ORD0092741,18.299161911010742,0.7846957445144653
ORD0092742,18.416749954223633,0.9411503672599792
ORD0092743,15.911979675292969,0.9789026975631714
ORD0092744,17.601329803466797,0.000441407086327672
ORD0092745,13.139886856079102,0.0004851322155445814
ORD0092746,19.220714569091797,0.0006825064192526042
ORD0092747,24.29077911376953,0.9947643280029297
ORD0092748,52.758399963378906,0.0013334727846086025
ORD0092749,51.9396858215332,0.8682788610458374
ORD0092750,31.722076416015625,0.001613970729522407
ORD0092751,87.95133209228516,0.001642004819586873
ORD0092752,26.81707763671875,0.0004140043747611344
ORD0092753,53.576927185058594,0.0003903412725776434
ORD0092754,13.031926155090332,6.202263466548175e-05
ORD0092755,14.265989303588867,0.0006074352422729135
ORD0092756,12.928306579589844,0.00016815753770060837
ORD0092757,11.766140937805176,0.003778677200898528
ORD0092758,29.732391357421875,0.00014042385737411678
ORD0092759,17.952699661254883,0.00013942479563411325
ORD0092760,11.12096881866455,0.0006605242379009724
ORD0092761,16.882577896118164,0.0020309542305767536
ORD0092762,23.178226470947266,0.023946678265929222
ORD0092763,19.713685989379883,0.043640125542879105
ORD0092764,15.913900375366211,0.4960238039493561
ORD0092765,24.357051849365234,0.00030040746787562966
ORD0092766,10.626904487609863,0.0003829977649729699
ORD0092767,14.4268159866333,0.6767029762268066
ORD0092768,14.37888240814209,7.160956010920927e-05
ORD0092769,14.727803230285645,0.0004992218455299735
ORD0092770,25.99062156677246,0.0014506106963381171
ORD0092771,16.2513484954834,0.00028245008434168994
ORD0092772,13.442096710205078,0.0008466980652883649
ORD0092773,22.944473266601562,0.013780198991298676
ORD0092774,21.503408432006836,0.07165566086769104
ORD0092775,18.798263549804688,0.0005327670951373875
ORD0092776,17.054548263549805,0.0019411405082792044
ORD0092777,14.90340805053711,0.36156409978866577
ORD0092778,22.890104293823242,0.93489009141922
ORD0092779,20.626102447509766,0.6662980318069458
ORD0092780,10.33720874786377,0.0024703682865947485
ORD0092781,8.422635078430176,0.015084609389305115
ORD0092782,14.15042495727539,0.011279360391199589
ORD0092783,15.475096702575684,0.0011888835579156876
ORD0092784,15.049274444580078,0.037349458783864975
ORD0092785,14.1248779296875,0.0051238457672297955
ORD0092786,27.787363052368164,0.00038296909769997
ORD0092787,24.30169677734375,0.00027654520818032324
ORD0092788,16.887508392333984,0.15349452197551727
ORD0092789,15.11833667755127,0.022079648450016975
ORD0092790,20.17339324951172,0.001403586007654667
ORD0092791,17.575647354125977,0.0005713062128052115
ORD0092792,18.172494888305664,0.008552365005016327
ORD0092793,14.704744338989258,0.0018781734397634864
ORD0092794,23.525121688842773,0.01809021085500717
ORD0092795,18.52167510986328,0.0028157695196568966
ORD0092796,13.466384887695312,0.04417436942458153
ORD0092797,14.704996109008789,0.009299064055085182
ORD0092798,17.092174530029297,0.007943978533148766
ORD0092799,14.191238403320312,0.001870888751000166
ORD0092800,13.42327880859375,0.38424456119537354
ORD0092801,12.233295440673828,0.02600873075425625
ORD0092802,11.026481628417969,0.013302922248840332
ORD0092803,12.087879180908203,0.004859699867665768
ORD0092804,15.838001251220703,0.005491187795996666
ORD0092805,16.94767189025879,0.0025981178041547537
ORD0092806,13.244836807250977,0.0026791617274284363
ORD0092807,17.742406845092773,0.0015580573817715049
ORD0092808,10.533466339111328,0.0009015077375806868
ORD0092809,15.41048812866211,0.10810984671115875
ORD0092810,9.140724182128906,0.007126595359295607
ORD0092811,8.423600196838379,0.15089958906173706
ORD0092812,12.273579597473145,0.01898927427828312
ORD0092813,10.934652328491211,0.6597090363502502
ORD0092814,11.626873016357422,0.06950660794973373
ORD0092815,11.22065544128418,0.00012703650281764567
ORD0092816,11.197978973388672,6.778738315915689e-05
ORD0092817,10.744833946228027,0.00010413624113425612
ORD0092818,10.483084678649902,8.736342715565115e-05
ORD0092819,10.417703628540039,0.00021712954912800342
ORD0092820,10.276103973388672,0.00012504146434366703
ORD0092821,8.665160179138184,7.941525836940855e-05
ORD0092822,8.658612251281738,6.292026955634356e-05
ORD0092823,10.435379981994629,0.001050804741680622
ORD0092824,10.258065223693848,0.0001611095358384773
ORD0092825,8.893213272094727,0.0031727522145956755
ORD0092826,8.916447639465332,0.0007658580434508622
ORD0092827,11.402874946594238,0.01098216138780117
ORD0092828,10.1983003616333,0.002071321476250887
ORD0092829,10.132326126098633,8.488531602779403e-05
ORD0092830,14.046090126037598,0.00011908000305993482
ORD0092831,14.524471282958984,0.0001464815577492118
ORD0092832,23.268047332763672,9.961720206774771e-05
ORD0092833,9.96412467956543,0.0002963151200674474
ORD0092834,13.254375457763672,0.0004941414226777852
ORD0092835,13.469940185546875,0.0002698643074836582
ORD0092836,26.24549102783203,0.00037711462937295437
ORD0092837,56.8475341796875,0.0007815734716132283
ORD0092838,40.784637451171875,0.001993650570511818
ORD0092839,31.698993682861328,0.0003533541748765856
ORD0092840,52.39147186279297,0.0004326291964389384
ORD0092841,35.92457580566406,0.0003992220154032111
ORD0092842,20.293685913085938,0.00022102512593846768
ORD0092843,19.39593505859375,0.00010442063648952171
ORD0092844,17.60782814025879,0.0014941798290237784
ORD0092845,19.971792221069336,0.00027460779529064894
ORD0092846,17.947647094726562,0.012639894150197506
ORD0092847,12.4990234375,0.00015719491057097912
ORD0092848,15.263386726379395,0.3621801435947418
ORD0092849,16.138118743896484,0.0007376562571153045
ORD0092850,14.278413772583008,0.00024001984274946153
ORD0092851,22.01058006286621,0.16046032309532166
ORD0092852,9.35008430480957,0.021110396832227707
ORD0092853,14.049449920654297,0.3042197823524475
ORD0092854,11.068475723266602,0.013484066352248192
ORD0092855,25.284034729003906,0.8147052526473999
ORD0092856,15.86168098449707,0.02417139522731304
ORD0092857,14.88924789428711,0.05264460667967796
ORD0092858,12.440059661865234,0.013060098513960838
ORD0092859,12.693886756896973,0.28730905055999756
ORD0092860,12.886420249938965,0.16509102284908295
ORD0092861,13.504676818847656,0.5695292949676514
ORD0092862,14.164338111877441,0.7907565236091614
ORD0092863,19.617801666259766,0.09869548678398132
ORD0092864,14.209339141845703,0.18578769266605377
ORD0092865,10.964922904968262,0.30915167927742004
ORD0092866,13.218113899230957,0.0012374104699119925
ORD0092867,13.235076904296875,0.004313536919653416
ORD0092868,15.193754196166992,0.0028007833752781153
ORD0092869,37.44495391845703,0.02755945548415184
ORD0092870,36.893959045410156,0.015958933159708977
ORD0092871,19.525026321411133,0.3661007583141327
ORD0092872,20.285289764404297,0.14713922142982483
ORD0092873,11.789664268493652,0.36553311347961426
ORD0092874,10.650212287902832,0.00016618419613223523
ORD0092875,13.445344924926758,0.9888449311256409
ORD0092876,9.452397346496582,0.0002653534465935081
ORD0092877,16.745668411254883,0.9883529543876648
ORD0092878,13.981626510620117,0.0002747903054114431
ORD0092879,13.336143493652344,0.0006165826926007867
ORD0092880,13.341689109802246,0.010544213466346264
ORD0092881,18.726839065551758,0.0632660910487175
ORD0092882,15.283952713012695,0.0008509255712851882
ORD0092883,23.790735244750977,0.6767059564590454
ORD0092884,30.208560943603516,0.9782844185829163
ORD0092885,22.507301330566406,0.4484839141368866
ORD0092886,13.976689338684082,0.0007730411598458886
ORD0092887,11.577043533325195,0.0001947553682839498
ORD0092888,10.98048210144043,0.0003006556071341038
ORD0092889,10.329885482788086,0.004887302406132221
ORD0092890,21.758241653442383,0.00018163028289563954
ORD0092891,18.439496994018555,0.020486416295170784
ORD0092892,18.78034782409668,0.9954614043235779
ORD0092893,18.293245315551758,0.01733406074345112
ORD0092894,14.731832504272461,0.0004142187535762787
ORD0092895,22.501392364501953,0.10487692803144455
ORD0092896,50.87969970703125,0.0014725008513778448
ORD0092897,44.468971252441406,0.0004301802546251565
ORD0092898,17.6698055267334,0.00017472800391260535
ORD0092899,12.921321868896484,0.0005630527157336473
ORD0092900,15.464604377746582,0.00048382184468209743
ORD0092901,27.809486389160156,0.00010580522211967036
ORD0092902,10.354997634887695,0.0018145700450986624
ORD0092903,9.706725120544434,0.0013094223104417324
ORD0092904,14.73619556427002,0.03419691324234009
ORD0092905,15.676032066345215,0.007828504778444767
ORD0092906,24.18309783935547,0.42679378390312195
ORD0092907,26.943214416503906,0.11580536514520645
ORD0092908,18.178937911987305,0.004658756777644157
ORD0092909,29.89905548095703,0.0012100039748474956
ORD0092910,32.71219253540039,0.00024311205197591335
ORD0092911,13.22445297241211,0.9585723876953125
ORD0092912,17.47652244567871,0.00022042386990506202
ORD0092913,17.36909294128418,0.00010754341201391071
ORD0092914,34.12542724609375,0.0022418363951146603
ORD0092915,16.351694107055664,0.00028329261112958193
ORD0092916,19.347932815551758,0.027496054768562317
ORD0092917,19.432785034179688,0.00041089707519859076
ORD0092918,18.565532684326172,0.00031434206175617874
ORD0092919,15.351758003234863,0.5537000894546509
ORD0092920,9.897710800170898,0.0013581390958279371
ORD0092921,21.03575897216797,0.9567620158195496
ORD0092922,10.988351821899414,0.0033612616825848818
ORD0092923,9.866809844970703,0.0005254478310234845
ORD0092924,12.539566040039062,0.013986583799123764
ORD0092925,16.931970596313477,0.08612874895334244
ORD0092926,28.355327606201172,0.00043406509212218225
ORD0092927,19.742176055908203,0.44706061482429504
ORD0092928,17.401885986328125,0.0005370165454223752
ORD0092929,20.700103759765625,0.0016386883798986673
ORD0092930,19.22783851623535,0.000533541024196893
ORD0092931,16.967416763305664,0.013790220953524113
ORD0092932,56.09354019165039,0.006785938981920481
ORD0092933,47.902610778808594,0.0004883731016889215
ORD0092934,21.904972076416016,0.0004277594562154263
ORD0092935,15.033513069152832,0.0011311920825392008
ORD0092936,15.020325660705566,0.00017436018970329314
ORD0092937,18.4483585357666,0.00044309234363026917
ORD0092938,13.71711540222168,0.0028243474662303925
ORD0092939,12.163432121276855,0.00020496116485446692
ORD0092940,47.72468566894531,0.0009216786129400134
ORD0092941,11.852922439575195,0.0008739620097912848
ORD0092942,12.041284561157227,0.003947597928345203
ORD0092943,23.754718780517578,0.0008212371612899005
ORD0092944,22.09775161743164,0.001371456659398973
ORD0092945,15.118511199951172,0.0008269849931821227
ORD0092946,12.805572509765625,0.0008637855644337833
ORD0092947,14.212514877319336,0.0023007383570075035
ORD0092948,12.653450012207031,0.0061860475689172745
ORD0092949,24.487796783447266,0.0007478586048819125
ORD0092950,51.73204040527344,0.0008146157488226891
ORD0092951,8.47458553314209,0.04886653274297714
ORD0092952,12.788536071777344,0.23770079016685486
ORD0092953,12.760581016540527,0.03495001047849655
ORD0092954,11.878763198852539,0.8255850672721863
ORD0092955,11.101320266723633,6.671843584626913e-05
ORD0092956,10.176356315612793,9.401777788298205e-05
ORD0092957,9.648985862731934,0.0001803119812393561
ORD0092958,9.655488967895508,8.351204451173544e-05
ORD0092959,11.847467422485352,9.532114927424118e-05
ORD0092960,7.753523826599121,8.770683052716777e-05
ORD0092961,9.694670677185059,0.00011815759353339672
ORD0092962,9.125199317932129,0.000143336525070481
ORD0092963,8.001666069030762,0.00026269402587786317
ORD0092964,8.92595100402832,0.0007247856701724231
ORD0092965,9.33734130859375,0.0003506589855533093
ORD0092966,9.280076026916504,0.00017489718447905034
ORD0092967,9.947122573852539,7.024998194538057e-05
ORD0092968,13.354436874389648,0.00019305903697386384
ORD0092969,16.854814529418945,0.2989768087863922
ORD0092970,23.494226455688477,0.0001458706392440945
ORD0092971,25.002151489257812,0.08868107944726944
ORD0092972,8.463662147521973,0.00039758416824042797
ORD0092973,9.51445484161377,0.9309489727020264
ORD0092974,14.623271942138672,0.0008634609403088689
ORD0092975,18.067930221557617,0.00032108521554619074
ORD0092976,18.272476196289062,0.028483955189585686
ORD0092977,15.649789810180664,0.0013881418853998184
ORD0092978,19.3889102935791,0.021924901753664017
ORD0092979,16.738903045654297,0.6451819539070129
ORD0092980,11.676225662231445,0.00012766856525558978
ORD0092981,20.03607940673828,0.584644615650177
ORD0092982,15.557197570800781,0.00021348372683860362
ORD0092983,15.420852661132812,0.009871547110378742
ORD0092984,19.9951171875,0.35018816590309143
ORD0092985,14.786645889282227,0.43251752853393555
ORD0092986,10.190901756286621,0.06707048416137695
ORD0092987,14.578824996948242,0.8231692910194397
ORD0092988,24.768728256225586,0.9719627499580383
ORD0092989,20.464073181152344,0.8760853409767151
ORD0092990,12.204488754272461,0.22091072797775269
ORD0092991,11.623092651367188,0.07892737537622452
ORD0092992,13.06403923034668,0.21684741973876953
ORD0092993,9.974425315856934,0.36968788504600525
ORD0092994,23.19844627380371,0.16224679350852966
ORD0092995,15.512469291687012,0.18268191814422607
ORD0092996,16.223751068115234,0.3404370844364166
ORD0092997,18.561054229736328,0.0029906583949923515
ORD0092998,12.642674446105957,0.0011791319120675325
ORD0092999,15.613550186157227,0.01624704711139202
ORD0093000,15.933403015136719,0.001375891617499292
ORD0093001,35.46183776855469,0.18004262447357178
ORD0093002,29.58831787109375,0.00956269633024931
ORD0093003,25.28050422668457,0.8977463841438293
ORD0093004,25.06987953186035,0.3025003969669342
ORD0093005,8.869853973388672,0.00034613889874890447
ORD0093006,8.937383651733398,0.000706894148606807
ORD0093007,8.910416603088379,0.0003704833798110485
ORD0093008,13.088863372802734,0.0005464657442644238
ORD0093009,12.770191192626953,0.0003736986836884171
ORD0093010,13.804630279541016,0.01855148747563362
ORD0093011,7.890218734741211,9.642295481171459e-05
ORD0093012,16.082927703857422,0.0011016500648111105
ORD0093013,14.071250915527344,0.00034631186281330884
ORD0093014,20.515911102294922,0.001637837616726756
ORD0093015,14.994608879089355,0.003591342829167843
ORD0093016,25.418445587158203,0.008526768535375595
ORD0093017,17.83597183227539,0.050556086003780365
ORD0093018,10.042880058288574,0.00018759106751531363
ORD0093019,10.350645065307617,0.0043754782527685165
ORD0093021,19.980571746826172,0.0009982925839722157
ORD0093023,18.109193801879883,0.16634716093540192
ORD0093024,13.882692337036133,0.6789172291755676
ORD0093025,8.308399200439453,0.00037566095124930143
ORD0093026,14.89525318145752,0.000551029050257057
ORD0093027,13.475452423095703,0.00020070617028977722
ORD0093028,24.455074310302734,0.9805090427398682
ORD0093030,13.501995086669922,0.00011492788325995207
ORD0093031,12.122962951660156,0.00032620682031847537
ORD0093032,10.464285850524902,0.0004571960889734328
ORD0093033,18.080312728881836,0.00047047538100741804
ORD0093034,17.191904067993164,0.0001363083574688062
ORD0093035,8.293936729431152,0.003469809889793396
ORD0093036,8.808462142944336,0.0009890038054436445
ORD0093037,11.5003080368042,0.0003889397776219994
ORD0093038,12.079803466796875,0.003969629295170307
ORD0093039,22.029056549072266,0.12278959900140762
ORD0093040,17.77887725830078,0.8345149159431458
ORD0093041,16.06346893310547,0.0014176178956404328
ORD0093042,26.351036071777344,0.0013962095836177468
ORD0093043,30.23702621459961,0.00035850584390573204
ORD0093044,11.866235733032227,0.974453330039978
ORD0093045,10.464512825012207,0.002044006483629346
ORD0093046,12.869121551513672,0.00011138585250591859
ORD0093047,13.92850112915039,0.00014502229169011116
ORD0093048,84.50838470458984,0.0004186240257695317
ORD0093049,52.01674270629883,0.0003765704168472439
ORD0093050,24.72319984436035,0.004600794054567814
ORD0093051,22.312236785888672,0.0008386124391108751
ORD0093052,15.743739128112793,0.00045650670654140413
ORD0093053,12.746042251586914,0.000504169671330601
ORD0093054,22.795026779174805,0.07868392020463943
ORD0093055,17.132518768310547,0.0009821520652621984
ORD0093056,13.596246719360352,0.860724151134491
ORD0093057,8.9761962890625,0.0060963137075304985
ORD0093058,17.672260284423828,0.9796198010444641
ORD0093059,17.22528648376465,0.025872375816106796
ORD0093060,8.574098587036133,0.0035359535831958055
ORD0093061,8.723281860351562,0.0009006774635054171
ORD0093062,11.398144721984863,0.020218471065163612
ORD0093063,14.65147590637207,0.0890829786658287
ORD0093064,21.610721588134766,0.0007745421607978642
ORD0093065,23.210628509521484,0.021239470690488815
ORD0093066,19.748565673828125,0.5189375877380371
ORD0093067,20.080890655517578,0.002446731785312295
ORD0093068,18.244586944580078,0.016903022304177284
ORD0093069,16.505014419555664,0.3297560214996338
ORD0093070,26.889842987060547,0.030324582010507584
ORD0093071,21.29367446899414,0.001092410646378994
ORD0093072,13.923409461975098,0.13916200399398804
ORD0093073,14.598548889160156,0.002735762856900692
ORD0093074,15.253217697143555,0.008029172196984291
ORD0093075,11.787420272827148,0.0009348962339572608
ORD0093076,14.45347785949707,0.5799164175987244
ORD0093077,10.643168449401855,0.0006102810730226338
ORD0093078,9.406021118164062,0.0022558802738785744
ORD0093079,17.254873275756836,0.0006623182562179863
ORD0093080,19.804588317871094,0.0015482244780287147
ORD0093081,12.451045989990234,0.000870018731802702
ORD0093082,9.280961036682129,0.0015557106817141175
ORD0093083,9.381686210632324,0.017561500892043114
ORD0093084,11.372587203979492,0.005326252430677414
ORD0093085,10.660269737243652,0.04476363956928253
ORD0093086,25.688234329223633,0.0007881427882239223
ORD0093087,8.032047271728516,0.01351839303970337
ORD0093088,12.34060287475586,0.08206531405448914
ORD0093089,14.244596481323242,0.0569460391998291
ORD0093090,10.431880950927734,0.28295016288757324
ORD0093091,9.409660339355469,0.5845416188240051
ORD0093092,11.246917724609375,0.0003074808919336647
ORD0093093,10.406824111938477,0.0008947912720032036
ORD0093094,10.263818740844727,0.00020975744700990617
ORD0093095,9.9799165725708,0.00015227298717945814
ORD0093096,11.498720169067383,0.0007896635215729475
ORD0093097,9.310873985290527,0.002359692007303238
ORD0093098,6.946551322937012,0.00011553024523891509
ORD0093099,6.8816938400268555,0.0001547881547594443
ORD0093100,10.217820167541504,0.00593038322404027
ORD0093101,9.04802417755127,0.1505538821220398
ORD0093102,8.854337692260742,0.03726329281926155
ORD0093103,11.57516860961914,0.5303670167922974
ORD0093104,9.783981323242188,0.00020917585061397403
ORD0093105,9.395967483520508,0.00036492859362624586
ORD0093106,15.006799697875977,0.0012779453536495566
ORD0093107,22.192293167114258,0.0008575087995268404
ORD0093108,9.005958557128906,0.028684835880994797
ORD0093109,9.831799507141113,0.0001634279324207455
ORD0093110,16.80484390258789,0.458574503660202
ORD0093111,11.735466957092285,0.00016879077884368598
ORD0093112,21.253948211669922,0.0003078510635532439
ORD0093113,19.28154182434082,0.00023226081975735724
ORD0093114,16.318513870239258,0.0008726405794732273
ORD0093115,18.45270538330078,0.0011314357398077846
ORD0093116,21.497283935546875,0.0036043443251401186
ORD0093117,17.37786865234375,0.0038422811776399612
ORD0093118,10.487005233764648,0.0001265528699150309
ORD0093119,8.397090911865234,0.00016688239702489227
ORD0093120,16.436168670654297,0.04943140968680382
ORD0093121,20.024477005004883,0.06479404866695404
ORD0093122,13.435667037963867,0.0001640721457079053
ORD0093123,17.301958084106445,0.0002138973359251395
ORD0093124,25.118690490722656,0.00032043171813711524
ORD0093125,16.147220611572266,0.10383281111717224
ORD0093126,13.587396621704102,0.2584828734397888
ORD0093127,8.495705604553223,0.04979995638132095
ORD0093128,7.807534217834473,0.031099718064069748
ORD0093129,14.750898361206055,0.47225409746170044
ORD0093130,10.778191566467285,0.586895227432251
ORD0093131,24.523670196533203,0.8409047722816467
ORD0093132,16.287174224853516,0.07162036746740341
ORD0093133,14.76716423034668,0.06089078634977341
ORD0093134,25.785480499267578,0.010189452208578587
ORD0093135,13.416913986206055,0.32758772373199463
ORD0093136,10.339111328125,0.4121784567832947
ORD0093137,11.375725746154785,0.7060482501983643
ORD0093138,22.51072883605957,0.2369949072599411
ORD0093139,16.89537811279297,0.2076369971036911
ORD0093140,17.580612182617188,0.42011991143226624
ORD0093141,15.835935592651367,0.012558856047689915
ORD0093142,14.236785888671875,0.18287992477416992
ORD0093143,12.875495910644531,0.0003514605632517487
ORD0093144,46.40123748779297,0.9017286896705627
ORD0093145,30.79205322265625,0.0006200076313689351
ORD0093146,23.51972198486328,0.9877458214759827
ORD0093147,8.922752380371094,0.00015392404748126864
ORD0093148,9.794857025146484,0.0002115954557666555
ORD0093149,13.066326141357422,0.00017199151625391096
ORD0093150,14.290268898010254,0.00045297713950276375
ORD0093151,15.05087947845459,0.005050119943916798
ORD0093152,19.62386703491211,0.06715048104524612
ORD0093153,21.488990783691406,0.0005980600253678858
ORD0093154,24.118850708007812,0.7014668583869934
ORD0093155,18.900070190429688,0.5189530253410339
ORD0093156,8.961708068847656,0.0002739440824370831
ORD0093157,10.50698471069336,0.00021607711096294224
ORD0093158,8.325213432312012,0.0002599327708594501
ORD0093159,19.293350219726562,0.0001575500937178731
ORD0093160,19.641069412231445,0.0002555082319304347
ORD0093161,19.123735427856445,0.9792536497116089
ORD0093162,16.25697898864746,0.04799436405301094
ORD0093163,12.84088134765625,0.006284789647907019
ORD0093164,14.273408889770508,0.41841569542884827
ORD0093165,14.87253189086914,0.0018787357257679105
ORD0093166,16.38456153869629,0.026379577815532684
ORD0093167,21.099708557128906,0.9733909368515015
ORD0093168,14.40900993347168,0.025373734533786774
ORD0093169,12.841824531555176,0.00011595206888159737
ORD0093170,12.74490737915039,0.5685757994651794
ORD0093171,19.5482234954834,9.963420598069206e-05
ORD0093172,17.860652923583984,0.00012410517956595868
ORD0093173,11.318832397460938,0.00022673099010717124
ORD0093174,12.245512008666992,0.0005625763442367315
ORD0093175,12.20779037475586,0.0003504571213852614
ORD0093176,18.183149337768555,0.0022065455559641123
ORD0093177,16.36139488220215,0.0031454619020223618
ORD0093178,12.125398635864258,0.026809923350811005
ORD0093179,14.539190292358398,0.06741134077310562
ORD0093180,28.528682708740234,0.00020430209406185895
ORD0093181,10.461795806884766,0.3756137192249298
ORD0093182,11.149591445922852,0.5947552919387817
ORD0093183,12.204833030700684,0.007202634587883949
ORD0093184,25.04767608642578,0.001930178957991302
ORD0093185,16.67082405090332,0.000494063482619822
ORD0093186,13.072565078735352,0.0004971108864992857
ORD0093187,22.75041961669922,0.04654957726597786
ORD0093188,17.786781311035156,0.0027979970909655094
ORD0093189,17.830883026123047,0.0006683098617941141
ORD0093190,15.800344467163086,0.0004518405476119369
ORD0093191,13.891252517700195,0.7283287644386292
ORD0093192,8.783891677856445,0.028871145099401474
ORD0093193,19.278310775756836,0.9711522459983826
ORD0093194,18.605649948120117,0.43667349219322205
ORD0093195,7.33773136138916,0.003440001280978322
ORD0093196,23.188602447509766,0.0004387436783872545
ORD0093197,23.839767456054688,0.0005740875494666398
ORD0093198,12.123191833496094,0.009351334534585476
ORD0093199,11.71961784362793,0.0035692111123353243
ORD0093200,13.338600158691406,0.06361661851406097
ORD0093201,12.017475128173828,0.02550455927848816
ORD0093202,24.2967586517334,0.0004119295335840434
ORD0093203,13.380950927734375,0.33849239349365234
ORD0093204,17.446380615234375,0.15459862351417542
ORD0093205,17.00122833251953,0.001396387116983533
ORD0093206,16.014745712280273,0.004178702365607023
ORD0093207,14.021556854248047,0.014993430115282536
ORD0093208,19.134733200073242,0.00048762839287519455
ORD0093209,18.81049346923828,0.049317143857479095
ORD0093210,11.630836486816406,0.001043912023305893
ORD0093211,15.593546867370605,0.0005752967554144561
ORD0093212,10.92296314239502,0.016038047149777412
ORD0093213,9.216919898986816,0.0026101102121174335
ORD0093214,11.909759521484375,0.25560620427131653
ORD0093215,12.541435241699219,0.35314416885375977
ORD0093216,21.026947021484375,0.12693814933300018
ORD0093217,14.370864868164062,0.9174699783325195
ORD0093218,11.30931282043457,0.8839051127433777
ORD0093219,8.826486587524414,0.8669079542160034
ORD0093220,12.91757583618164,0.9708379507064819
ORD0093221,11.208261489868164,0.9679625034332275
ORD0093222,7.725062370300293,0.010414229705929756
ORD0093223,5.778070449829102,0.03179937228560448
ORD0093224,11.862310409545898,0.017292898148298264
ORD0093225,11.322835922241211,0.08632460236549377
ORD0093226,9.00132942199707,0.08376482874155045
ORD0093227,8.563998222351074,0.5252503156661987
ORD0093228,9.765199661254883,8.611004159320146e-05
ORD0093229,10.743921279907227,0.0789172574877739
ORD0093230,10.280475616455078,7.880676275817677e-05
ORD0093231,9.273480415344238,0.00012823946599382907
ORD0093232,9.802633285522461,8.433488983428106e-05
ORD0093233,7.174691200256348,9.143233182840049e-05
ORD0093234,7.391483306884766,6.442119047278538e-05
ORD0093235,9.49832534790039,0.0001829537213779986
ORD0093236,8.42403507232666,0.0007016817107796669
ORD0093237,9.831336975097656,0.0031077140010893345
ORD0093238,9.088422775268555,0.00013815089187119156
ORD0093239,8.923070907592773,7.661013660253957e-05
ORD0093240,12.186370849609375,0.00012152149429311976
ORD0093241,27.04220962524414,0.00013360436423681676
ORD0093242,22.999794006347656,0.000686071056406945
ORD0093243,8.981568336486816,0.00037087718374095857
ORD0093244,8.614821434020996,0.0014257051516324282
ORD0093245,11.208154678344727,0.0007764886249788105
ORD0093246,10.009025573730469,0.008013312704861164
ORD0093247,18.638418197631836,0.0002826513082254678
ORD0093248,18.136816024780273,0.00016938488988671452
ORD0093249,17.47311782836914,0.0013435289729386568
ORD0093250,20.839153289794922,0.00977539736777544
ORD0093251,18.73016357421875,0.0010649601463228464
ORD0093252,11.358972549438477,0.00014061010733712465
ORD0093253,8.887394905090332,0.00011873372568516061
ORD0093254,16.862293243408203,0.354648619890213
ORD0093255,13.294021606445312,0.00024108770594466478
ORD0093256,11.573890686035156,0.00010069028212456033
ORD0093257,60.38534164428711,0.0002178570139221847
ORD0093258,21.343538284301758,0.14292682707309723
ORD0093259,11.634527206420898,0.03355785086750984
ORD0093260,7.583712577819824,0.12170650064945221
ORD0093261,11.493795394897461,0.40133023262023926
ORD0093262,21.306716918945312,0.8505921959877014
ORD0093263,11.629010200500488,0.060320232063531876
ORD0093264,11.488958358764648,0.19929194450378418
ORD0093265,11.476116180419922,0.4803721308708191
ORD0093266,10.95663070678711,0.5006235241889954
ORD0093267,12.348888397216797,0.7593125700950623
ORD0093268,11.16838264465332,0.31827011704444885
ORD0093269,17.157304763793945,0.35197481513023376
ORD0093270,15.082740783691406,0.5689016580581665
ORD0093271,11.021718978881836,0.8128909468650818
ORD0093272,46.895591735839844,0.0941750779747963
ORD0093273,17.28143882751465,0.0032801302149891853
ORD0093274,14.09315299987793,0.005415432620793581
ORD0093275,15.282289505004883,0.010698591358959675
ORD0093276,40.34423065185547,0.16828536987304688
ORD0093277,37.990318298339844,0.047423698008060455
ORD0093278,23.250612258911133,0.8362793922424316
ORD0093279,24.64368438720703,0.6371506452560425
ORD0093280,7.691105842590332,0.00011377077316865325
ORD0093281,9.885971069335938,0.6605803370475769
ORD0093282,7.577064514160156,0.00015433835505973548
ORD0093283,8.99459457397461,0.7465024590492249
ORD0093284,11.497642517089844,0.00013252471399027854
ORD0093285,10.842370986938477,0.0002597284037619829
ORD0093286,11.74276351928711,0.0004402311460580677
ORD0093287,17.9328556060791,0.0011153850937262177
ORD0093288,17.612180709838867,0.0010459203040227294
ORD0093289,19.55534553527832,0.007583468221127987
ORD0093290,9.137272834777832,0.0001250376517418772
ORD0093291,5.475543975830078,0.00013242580462247133
ORD0093292,6.762600898742676,0.00030102877644822
ORD0093293,13.264107704162598,0.0004968686262145638
ORD0093294,19.41130256652832,0.000155656089191325
ORD0093295,17.008502960205078,0.0007907268009148538
ORD0093296,14.785998344421387,0.22022591531276703
ORD0093297,9.142424583435059,0.0002959808043669909
ORD0093298,9.701684951782227,0.0021629896946251392
ORD0093299,7.858859062194824,0.0010067851981148124
ORD0093300,12.143218994140625,0.00027305333060212433
ORD0093301,15.698200225830078,0.057008858770132065
ORD0093302,53.08195495605469,0.0003423038579057902
ORD0093303,11.482892036437988,9.586151281837374e-05
ORD0093304,9.888669967651367,0.00010107209527632222
ORD0093305,10.0659761428833,0.0001521490339655429
ORD0093306,8.302165031433105,0.00018195685697719455
ORD0093307,16.939029693603516,0.00011376383190508932
ORD0093308,13.287595748901367,7.528165588155389e-05
ORD0093309,7.76999568939209,0.00045623740879818797
ORD0093310,7.4851484298706055,0.0004343565087765455
ORD0093311,11.90427017211914,0.0017066247528418899
ORD0093312,10.027684211730957,0.003944752737879753
ORD0093313,15.620527267456055,0.010416539385914803
ORD0093314,17.761890411376953,0.07421069592237473
ORD0093315,14.389605522155762,0.12075961381196976
ORD0093316,12.422798156738281,0.3426158130168915
ORD0093317,32.45597839355469,0.00033779468503780663
ORD0093318,23.33803939819336,0.00011991307837888598
ORD0093319,9.438248634338379,0.6817808151245117
ORD0093320,11.326266288757324,0.00018370852922089398
ORD0093321,10.97279167175293,0.0001260552235180512
ORD0093322,25.142822265625,0.0006950664683245122
ORD0093323,17.44483184814453,0.0019659409299492836
ORD0093324,10.694321632385254,0.00033394061028957367
ORD0093325,10.846956253051758,0.0005725803785026073
ORD0093326,19.55232810974121,0.0048230839893221855
ORD0093327,17.068939208984375,0.02217508666217327
ORD0093328,15.252542495727539,0.0002913969801738858
ORD0093329,13.172874450683594,0.0005052186315879226
ORD0093330,9.468072891235352,0.041489504277706146
ORD0093331,8.640481948852539,0.1880636066198349
ORD0093332,15.337884902954102,0.3967597782611847
ORD0093333,14.630653381347656,0.6600021123886108
ORD0093334,6.488980293273926,0.000940837140660733
ORD0093335,6.865163803100586,0.002181221265345812
ORD0093336,10.27773666381836,0.0007620262331329286
ORD0093337,11.100975036621094,0.03868759050965309
ORD0093338,11.962095260620117,0.0018237726762890816
ORD0093339,11.874443054199219,0.1500844806432724
ORD0093340,29.09554100036621,0.0002970108762383461
ORD0093341,21.412569046020508,0.005701280664652586
ORD0093342,12.2294282913208,0.006140256300568581
ORD0093343,16.07080841064453,0.0005110330530442297
ORD0093344,13.21049690246582,0.000660934776533395
ORD0093345,13.490957260131836,0.015658989548683167
ORD0093346,16.414142608642578,0.003983113449066877
ORD0093347,16.939321517944336,0.0005480473628267646
ORD0093348,13.262685775756836,0.009509015828371048
ORD0093349,11.06206226348877,0.0012234108289703727
ORD0093350,10.790325164794922,0.0026026973500847816
ORD0093351,9.506739616394043,0.0008223145850934088
ORD0093352,11.253740310668945,0.0739295482635498
ORD0093353,9.220498085021973,0.0023663544561713934
ORD0093354,18.931665420532227,0.000595195684581995
ORD0093355,8.602931022644043,0.0020850603468716145
ORD0093356,9.525689125061035,0.002845786279067397
ORD0093357,13.653696060180664,0.7236589193344116
ORD0093358,13.661659240722656,0.0009104468044824898
ORD0093359,9.820696830749512,0.0021116260904818773
ORD0093360,10.258626937866211,0.0013659180840477347
ORD0093361,7.1488037109375,0.0188496932387352
ORD0093362,8.107942581176758,0.09901267290115356
ORD0093363,10.323225975036621,0.13991911709308624
ORD0093364,7.823840141296387,0.006790896411985159
ORD0093365,6.018762588500977,0.09485633671283722
ORD0093366,7.178189277648926,0.14878469705581665
ORD0093367,9.938349723815918,0.5287871956825256
ORD0093368,9.163612365722656,0.854214608669281
ORD0093369,7.7660675048828125,0.7046589255332947
ORD0093370,9.08656120300293,0.0001235304371220991
ORD0093371,8.096585273742676,7.5714269769378e-05
ORD0093372,8.072574615478516,0.00027659584884531796
ORD0093373,7.789096832275391,7.340987940551713e-05
ORD0093374,5.125275611877441,5.5415213864762336e-05
ORD0093375,5.649318695068359,6.983679486438632e-05
ORD0093376,7.493407249450684,0.0007530151633545756
ORD0093377,6.966098785400391,9.072241664398462e-05
ORD0093378,6.284909248352051,0.003042804077267647
ORD0093379,6.1880693435668945,0.00016282129217870533
ORD0093380,8.183722496032715,0.013603176921606064
ORD0093381,6.702220916748047,9.104967466555536e-05
ORD0093382,6.973146438598633,6.429501081584021e-05
ORD0093383,10.096638679504395,0.00012862867151852697
ORD0093384,10.351048469543457,0.00017878692597150803
ORD0093385,18.484865188598633,0.0001295157999265939
ORD0093386,18.322011947631836,0.00013605282583739609
ORD0093387,7.0908966064453125,0.0004296906990930438
ORD0093388,6.530754089355469,0.0002665020292624831
ORD0093389,10.259539604187012,0.0013300710124894977
ORD0093390,17.679485321044922,0.0001801195030566305
ORD0093391,15.976274490356445,0.0007497965125367045
ORD0093392,15.794252395629883,0.00010562840907368809
ORD0093393,13.874269485473633,0.004036911763250828
ORD0093394,13.654073715209961,0.0001687486219452694
ORD0093395,9.491462707519531,0.00014503694546874613
ORD0093396,6.999383926391602,8.825956319924444e-05
ORD0093397,11.706387519836426,0.07254069298505783
ORD0093398,12.687427520751953,0.0006475932314060628
ORD0093399,11.378955841064453,0.0001502676313975826
ORD0093400,12.680192947387695,0.03306586295366287
ORD0093401,12.78354263305664,0.038956306874752045
ORD0093402,6.328368186950684,0.021757617592811584
ORD0093403,5.921225547790527,0.021141216158866882
ORD0093404,8.645601272583008,0.05927086994051933
ORD0093405,6.803816795349121,0.17282046377658844
ORD0093406,17.81275749206543,0.36021506786346436
ORD0093407,12.838190078735352,0.31007853150367737
ORD0093408,9.579830169677734,0.020152511075139046
ORD0093409,8.096596717834473,0.024233929812908173
ORD0093410,9.318963050842285,0.17525291442871094
ORD0093411,9.320772171020508,0.519797682762146
ORD0093412,15.062692642211914,0.07596254348754883
ORD0093413,13.02421760559082,0.5362735390663147
ORD0093414,9.354413986206055,0.09068433940410614
ORD0093415,9.117053985595703,0.7970224022865295
ORD0093416,12.84919261932373,0.00041908660205081105
ORD0093417,9.405804634094238,0.00038964487612247467
ORD0093418,8.696063041687012,0.00043090424151159823
ORD0093419,27.926071166992188,0.0011377529008314013
ORD0093420,13.95128059387207,0.011232447810471058
ORD0093421,11.670042037963867,0.0001971600140677765
ORD0093422,12.251853942871094,0.00021359918173402548
ORD0093423,11.200971603393555,0.0002625282504595816
ORD0093424,16.29547119140625,0.00022852368419989944
ORD0093425,14.992633819580078,0.0002426512073725462
ORD0093426,18.249561309814453,0.0009816390229389071
ORD0093427,14.116035461425781,0.001785271568223834
ORD0093428,19.990699768066406,0.0006987090455368161
ORD0093429,18.53167724609375,0.0002845773415174335
ORD0093430,23.513790130615234,0.0022430801764130592
ORD0093431,35.77058029174805,0.05827084183692932
ORD0093432,23.393278121948242,0.002315626246854663
ORD0093433,13.465877532958984,0.000220972448005341
ORD0093434,11.901192665100098,0.00037148085539229214
ORD0093435,26.88332748413086,0.0003244534891564399
ORD0093436,21.256330490112305,0.022544285282492638
ORD0093437,18.387117385864258,0.036001984030008316
ORD0093438,19.88789939880371,0.5831905603408813
ORD0093439,18.249483108520508,0.508150577545166
ORD0093440,24.01062774658203,0.00036621911567635834
ORD0093441,17.66558074951172,0.00020718478481285274
ORD0093442,23.575481414794922,0.19438676536083221
ORD0093443,22.133047103881836,0.8961416482925415
ORD0093444,16.718517303466797,0.00031705957371741533
ORD0093445,15.45641040802002,0.0001245937164640054
ORD0093446,14.838878631591797,0.000932325900066644
ORD0093447,20.40965461730957,0.0001360882306471467
ORD0093448,14.210350036621094,0.0005607222556136549
ORD0093449,11.88542366027832,0.00021020551503170282
ORD0093450,14.381926536560059,0.0031608950812369585
ORD0093451,23.554288864135742,0.0018631011480465531
ORD0093452,16.876989364624023,0.011999659240245819
ORD0093453,17.715051651000977,0.00035968763404525816
ORD0093454,34.17500305175781,0.00028002134058624506
ORD0093455,33.55591583251953,9.734209743328393e-05
ORD0093456,14.69888687133789,0.07120326161384583
ORD0093457,12.00374984741211,0.001121077104471624
ORD0093458,18.36944007873535,0.00015246694965753704
ORD0093459,82.84857940673828,0.0030410182662308216
ORD0093460,74.35931396484375,0.001863727462477982
ORD0093461,24.172353744506836,0.0004323981120251119
ORD0093462,33.28482437133789,0.0023979772813618183
ORD0093463,25.955141067504883,0.0026436559855937958
ORD0093464,17.909955978393555,0.00046505744103342295
ORD0093465,14.864837646484375,0.0027110720984637737
ORD0093466,26.334672927856445,0.02837339974939823
ORD0093467,25.466999053955078,0.19372503459453583
ORD0093468,19.515352249145508,0.0006973482086323202
ORD0093469,20.227319717407227,0.2419252246618271
ORD0093470,18.827852249145508,0.7580945491790771
ORD0093471,11.504584312438965,0.0017047898145392537
ORD0093472,57.61979675292969,0.0007056563626974821
ORD0093473,19.03988265991211,0.9275205135345459
ORD0093474,22.455650329589844,0.7613701224327087
ORD0093475,20.33133888244629,0.97213214635849
ORD0093476,18.891904830932617,0.887279748916626
ORD0093477,45.01458740234375,0.06074896454811096
ORD0093478,27.07400894165039,0.02138487994670868
ORD0093479,20.45904541015625,0.9858909845352173
ORD0093480,20.060850143432617,0.9785934686660767
ORD0093481,27.53739356994629,0.3770480751991272
ORD0093482,32.906700134277344,0.09972436726093292
ORD0093483,18.98641014099121,0.8908799290657043
ORD0093484,17.025571823120117,0.4646667242050171
ORD0093485,24.919265747070312,0.0008652358083054423
ORD0093486,15.792149543762207,0.0022032451815903187
ORD0093487,19.122344970703125,0.0006082956097088754
ORD0093488,15.085651397705078,0.012099826708436012
ORD0093489,12.044544219970703,0.004224021453410387
ORD0093490,17.33163833618164,0.07720912247896194
ORD0093491,16.731216430664062,0.0031555702444165945
ORD0093492,16.095542907714844,0.0017932942137122154
ORD0093493,16.169780731201172,0.025582561269402504
ORD0093494,9.718438148498535,0.002268207725137472
ORD0093495,15.331787109375,0.37308192253112793
ORD0093496,11.972611427307129,0.005392039194703102
ORD0093497,12.446924209594727,0.10473708063364029
ORD0093498,9.997403144836426,0.16807064414024353
ORD0093499,15.983832359313965,0.49891528487205505
ORD0093500,14.2612943649292,0.8889861702919006
ORD0093501,12.35558032989502,0.6549347639083862
ORD0093502,12.946012496948242,0.00013013725401833653
ORD0093503,12.636148452758789,0.00034541715285740793
ORD0093504,12.61540412902832,0.0010131844319403172
ORD0093505,11.5451021194458,0.0001462780637666583
ORD0093506,9.458575248718262,0.00013511923316400498
ORD0093507,12.768431663513184,0.0002522105351090431
ORD0093508,12.329541206359863,0.0009068396175280213
ORD0093509,10.747323036193848,0.00045152747770771384
ORD0093510,11.644113540649414,0.013792537152767181
ORD0093511,12.320505142211914,0.0015133727574720979
ORD0093512,12.806286811828613,0.13534514605998993
ORD0093513,11.717681884765625,0.0022931229323148727
ORD0093514,12.239680290222168,0.00019285186135675758
ORD0093515,17.22052764892578,0.00028052771813236177
ORD0093516,20.991483688354492,0.779514729976654
ORD0093517,28.709030151367188,0.00017687275249045342
ORD0093518,27.278104782104492,0.5001358985900879
ORD0093519,11.155416488647461,0.0007232273928821087
ORD0093520,15.097352981567383,0.0016018624883145094
ORD0093521,15.582441329956055,0.9619821906089783
ORD0093522,37.97472381591797,0.000705621438100934
ORD0093523,113.11922454833984,0.1271161586046219
ORD0093524,61.119686126708984,0.0006171665736474097
ORD0093525,21.770668029785156,0.0006320173270069063
ORD0093526,21.90006446838379,0.002963629085570574
ORD0093527,19.59818458557129,0.0003532132541295141
ORD0093528,22.464601516723633,0.01991066336631775
ORD0093529,15.562227249145508,0.00018064271716866642
ORD0093530,13.194124221801758,0.00011550028284545988
ORD0093531,20.736785888671875,0.19096021354198456
ORD0093532,16.43305206298828,0.0011349396081641316
ORD0093533,13.569976806640625,0.0002841023961082101
ORD0093534,19.913955688476562,0.00014542040298692882
ORD0093535,19.786069869995117,0.061138492077589035
ORD0093536,17.021949768066406,0.020788194611668587
ORD0093537,12.327543258666992,0.01638556271791458
ORD0093538,10.81988525390625,0.017162611708045006
ORD0093539,15.847387313842773,0.22175124287605286
ORD0093540,11.993416786193848,0.06084621697664261
ORD0093541,23.754314422607422,0.5550621747970581
ORD0093542,21.500080108642578,0.26744139194488525
ORD0093543,16.338476181030273,0.02028966136276722
ORD0093544,12.83094596862793,0.1062489002943039
ORD0093545,19.150840759277344,0.9133961200714111
ORD0093546,12.988251686096191,0.2376999408006668
ORD0093547,13.09172534942627,0.1109810546040535
ORD0093548,24.900663375854492,0.15408898890018463
ORD0093549,25.42656707763672,0.5829205513000488
ORD0093550,17.79347038269043,0.32875481247901917
ORD0093551,13.93027114868164,0.23242376744747162
ORD0093552,21.25662612915039,0.0008415622287429869
ORD0093553,16.01860237121582,0.0005099975387565792
ORD0093554,15.034577369689941,0.0025311738718301058
ORD0093555,16.334110260009766,0.0006169987027533352
ORD0093556,62.231414794921875,0.03819301724433899
ORD0093557,23.4139404296875,0.4163763225078583
ORD0093558,23.65694808959961,0.0029602155555039644
ORD0093559,49.26021957397461,0.0010777442948892713
ORD0093560,10.937764167785645,0.00017648545326665044
ORD0093561,11.587959289550781,0.00462695024907589
ORD0093562,10.978724479675293,0.00016845860227476805
ORD0093563,12.08132553100586,0.44130370020866394
ORD0093564,14.741243362426758,0.00017709837993606925
ORD0093565,14.149765014648438,0.09608600288629532
ORD0093566,13.214693069458008,0.0035907933488488197
ORD0093567,11.838407516479492,0.0001617575908312574
ORD0093568,19.039628982543945,0.0005920242401771247
ORD0093569,13.760031700134277,0.001334738451987505
ORD0093570,21.606700897216797,0.001129160518757999
ORD0093571,21.296741485595703,0.04931642487645149
ORD0093572,26.74038314819336,0.01466259453445673
ORD0093573,12.336383819580078,0.00018411659402772784
ORD0093574,11.04869270324707,0.00019154578330926597
ORD0093575,12.250638961791992,0.0013689420884475112
ORD0093576,10.408933639526367,0.005527827888727188
ORD0093577,23.483665466308594,0.0004567465221043676
ORD0093578,20.544475555419922,0.00024791056057438254
ORD0093579,21.74709129333496,0.369327574968338
ORD0093580,23.322650909423828,0.7617822289466858
ORD0093581,14.26945686340332,0.28039851784706116
ORD0093582,16.845531463623047,0.0003625905665103346
ORD0093583,12.697219848632812,0.0004672796931117773
ORD0093584,27.630027770996094,0.9613161087036133
ORD0093585,26.91133689880371,0.9800922870635986
ORD0093586,68.77310943603516,0.0028957659378647804
ORD0093587,82.55573272705078,0.1504606306552887
ORD0093588,31.826828002929688,0.0008564435411244631
ORD0093589,78.30831146240234,0.0044806357473134995
ORD0093590,27.286867141723633,0.0003462973400019109
ORD0093591,57.792972564697266,0.00034138941555283964
ORD0093592,15.024443626403809,0.00040840933797881007
ORD0093593,12.930054664611816,0.0005396385677158833
ORD0093594,15.805280685424805,0.0025465679354965687
ORD0093595,13.77166748046875,0.003805426647886634
ORD0093596,24.717540740966797,0.0007139922818168998
ORD0093597,21.20295524597168,0.0001849190448410809
ORD0093598,12.429488182067871,0.03434410318732262
ORD0093599,17.896038055419922,0.04654983431100845
ORD0093600,21.692930221557617,0.678071141242981
ORD0093601,26.47647476196289,0.01784302107989788
ORD0093602,17.20240592956543,0.8247165679931641
ORD0093603,35.945152282714844,0.00804078672081232
ORD0093604,19.739253997802734,0.9818971157073975
ORD0093605,13.425762176513672,0.2724235951900482
ORD0093606,15.762319564819336,0.00034362153382971883
ORD0093607,16.827024459838867,0.0003635639150161296
ORD0093608,27.558374404907227,0.025929933413863182
ORD0093609,17.436399459838867,0.0007169101154431701
ORD0093610,13.263410568237305,0.0002472071791999042
ORD0093611,30.049406051635742,0.6499925851821899
ORD0093612,22.67020606994629,0.001871638698503375
ORD0093613,19.673070907592773,0.0021640665363520384
ORD0093614,19.44100570678711,0.0004907657275907695
ORD0093615,17.876256942749023,0.9830933809280396
ORD0093616,22.93932342529297,0.9918105006217957
ORD0093617,20.12381362915039,0.008108262903988361
ORD0093618,10.85184383392334,0.017348233610391617
ORD0093619,9.495514869689941,0.0011469622841104865
ORD0093620,14.136768341064453,0.003765179542824626
ORD0093621,15.608206748962402,0.003192983800545335
ORD0093622,16.1683349609375,0.009947927668690681
ORD0093623,16.129676818847656,0.0093150669708848
ORD0093624,29.116256713867188,0.0002660384343471378
ORD0093625,29.062789916992188,0.0002793653402477503
ORD0093626,19.633560180664062,0.08195577561855316
ORD0093627,17.00227928161621,0.03562271595001221
ORD0093628,22.822895050048828,0.0008243258344009519
ORD0093629,21.349384307861328,0.0005572630907408893
ORD0093630,19.026899337768555,0.004835670348256826
ORD0093631,15.499602317810059,0.003420515451580286
ORD0093632,22.930622100830078,0.3045254349708557
ORD0093633,20.25379753112793,0.02480224147439003
ORD0093634,17.586483001708984,0.7266209721565247
ORD0093635,17.40409278869629,0.16205857694149017
ORD0093636,16.104007720947266,0.07802096009254456
ORD0093637,15.882201194763184,0.013275879435241222
ORD0093638,17.417024612426758,0.9252384901046753
ORD0093639,13.85018253326416,0.5823566913604736
ORD0093640,10.731487274169922,0.015508146025240421
ORD0093641,12.502017974853516,0.009989660233259201
ORD0093642,15.90124225616455,0.0004979106597602367
ORD0093643,17.205913543701172,0.003330112202093005
ORD0093644,15.50013542175293,0.007169285323470831
ORD0093645,17.65091323852539,0.002178324619308114
ORD0093646,12.476422309875488,0.2194894552230835
ORD0093647,15.746966361999512,0.902125895023346
ORD0093648,12.616209983825684,0.036453112959861755
ORD0093649,10.54239559173584,0.007910430431365967
ORD0093650,12.595142364501953,0.10460454225540161
ORD0093651,12.998835563659668,0.017540082335472107
ORD0093652,11.801365852355957,0.564915657043457
ORD0093653,11.357648849487305,0.00017759350885171443
ORD0093654,11.404892921447754,8.532567153451964e-05
ORD0093655,11.373315811157227,0.00011927479499718174
ORD0093656,11.369384765625,8.861629612511024e-05
ORD0093657,10.970816612243652,6.894395482959226e-05
ORD0093658,10.372331619262695,0.00013078912161290646
ORD0093659,9.404152870178223,7.894305599620566e-05
ORD0093660,8.558459281921387,6.438355194404721e-05
ORD0093661,10.945074081420898,8.528588659828529e-05
ORD0093662,10.368221282958984,0.0002089107729261741
ORD0093663,10.102346420288086,0.00014122067659627646
ORD0093664,9.438348770141602,0.0009735248167999089
ORD0093665,10.790162086486816,0.00023036192578729242
ORD0093666,10.6123628616333,0.0018867987673729658
ORD0093667,10.470559120178223,0.00012026232434436679
ORD0093668,17.24367904663086,0.0001752185053192079
ORD0093669,15.35787582397461,0.00015789162716828287
ORD0093670,28.96249008178711,0.00014517891395371407
ORD0093671,9.790862083435059,0.00030250524287112057
ORD0093672,14.1837158203125,0.000875961733981967
ORD0093673,14.554044723510742,0.0005234026466496289
ORD0093674,25.32032585144043,0.00042634073179215193
ORD0093675,62.585323333740234,0.0017409480642527342
ORD0093676,39.80955505371094,0.0013923781225457788
ORD0093677,30.79803466796875,0.0004236892273183912
ORD0093678,58.687808990478516,0.0004150232707615942
ORD0093679,35.056941986083984,0.00043297410593368113
ORD0093680,50.896724700927734,0.0005062131094746292
ORD0093681,21.658424377441406,0.0004571002209559083
ORD0093682,19.25121307373047,0.00010238886170554906
ORD0093683,25.941125869750977,0.003638881491497159
ORD0093684,24.485986709594727,0.00024824784486554563
ORD0093685,24.77469253540039,0.05512547865509987
ORD0093686,17.793832778930664,0.00017232327081728727
ORD0093687,20.539560317993164,0.7869460582733154
ORD0093688,17.106792449951172,0.0004769407387357205
ORD0093689,16.136764526367188,0.00048323877854272723
ORD0093690,25.03940200805664,0.8787839412689209
ORD0093691,10.960755348205566,0.33965227007865906
ORD0093692,14.30121898651123,0.948540985584259
ORD0093693,12.332106590270996,0.11409004032611847
ORD0093694,29.138628005981445,0.9838686585426331
ORD0093695,18.751224517822266,0.44025567173957825
ORD0093696,19.969024658203125,0.6727439165115356
ORD0093697,14.94774055480957,0.06994416564702988
ORD0093698,13.627730369567871,0.18421557545661926
ORD0093699,14.363479614257812,0.875335693359375
ORD0093700,14.935646057128906,0.5890765190124512
ORD0093701,12.600051879882812,0.23551243543624878
ORD0093702,22.714319229125977,0.5242297053337097
ORD0093703,17.917362213134766,0.799066960811615
ORD0093704,16.56988525390625,0.967250406742096
ORD0093705,17.761648178100586,0.00037556621828116477
ORD0093706,15.581254959106445,0.0006869196076877415
ORD0093707,16.091957092285156,0.00024669317645020783
ORD0093708,43.20160675048828,0.0016658439999446273
ORD0093709,48.70755386352539,0.00024939936702139676
ORD0093710,26.354787826538086,0.024154361337423325
ORD0093711,28.64116859436035,0.000797575805336237
ORD0093712,10.4251708984375,0.00014938930689822882
ORD0093713,10.355870246887207,0.0001884733501356095
ORD0093714,10.340835571289062,0.00026366632664576173
ORD0093715,10.24099063873291,0.0003358381800353527
ORD0093716,14.338262557983398,0.0002322373620700091
ORD0093717,15.688652038574219,0.0002975008974317461
ORD0093718,15.049822807312012,0.0021262113004922867
ORD0093719,13.169986724853516,0.02263762801885605
ORD0093720,20.964427947998047,0.0006012218655087054
ORD0093721,19.80659294128418,0.0014982118736952543
ORD0093722,28.064834594726562,0.0010549904545769095
ORD0093723,31.109813690185547,0.002846001647412777
ORD0093724,24.51877212524414,0.6883630752563477
ORD0093725,12.525636672973633,0.00023726669314783067
ORD0093726,11.10650634765625,0.00020623969612643123
ORD0093727,12.351394653320312,0.001644553616642952
ORD0093728,12.553478240966797,0.01777489483356476
ORD0093729,29.890357971191406,0.0004874861624557525
ORD0093730,24.133346557617188,0.06771618872880936
ORD0093731,14.917339324951172,0.700971782207489
ORD0093732,22.124982833862305,0.00030614150455221534
ORD0093733,18.011472702026367,0.0006623640074394643
ORD0093734,27.190608978271484,0.9619973301887512
ORD0093735,104.2054214477539,0.0012079398147761822
ORD0093736,47.67970657348633,0.0013545622350648046
ORD0093737,99.11140441894531,0.0006384525913745165
ORD0093738,17.077436447143555,0.00029754030401818454
ORD0093739,13.976411819458008,0.001922614756040275
ORD0093740,11.805044174194336,0.0001581578835612163
ORD0093741,30.271350860595703,0.00013867433881387115
ORD0093742,11.967988967895508,0.004721290431916714
ORD0093743,10.444272994995117,0.0006525854696519673
ORD0093744,14.613187789916992,0.07317354530096054
ORD0093745,17.012454986572266,0.0030150022357702255
ORD0093746,29.844253540039062,0.00011965173325734213
ORD0093747,22.432655334472656,0.017779933288693428
ORD0093748,19.750932693481445,0.0004313205718062818
ORD0093749,49.836334228515625,0.00013442026101984084
ORD0093750,43.9825553894043,0.00023508627782575786
ORD0093751,15.824234962463379,0.5873429179191589
ORD0093752,17.904434204101562,0.0002559810527600348
ORD0093753,16.668367385864258,9.325702558271587e-05
ORD0093754,100.41791534423828,0.0003025750338565558
ORD0093755,63.91282272338867,0.0003653308085631579
ORD0093756,35.38222885131836,0.005249263718724251
ORD0093757,18.867143630981445,0.0004688299086410552
ORD0093758,22.386947631835938,0.12719735503196716
ORD0093759,20.165250778198242,0.0009312978945672512
ORD0093760,25.386966705322266,0.0020039835944771767
ORD0093761,16.353439331054688,0.8471359610557556
ORD0093762,10.705580711364746,0.06079278141260147
ORD0093763,21.04364013671875,0.9158064126968384
ORD0093764,11.108190536499023,0.004425405990332365
ORD0093765,11.579421997070312,0.016898872330784798
ORD0093766,17.65989112854004,0.025217758491635323
ORD0093767,17.955490112304688,0.14204232394695282
ORD0093768,27.8057861328125,0.0004708948836196214
ORD0093769,19.516103744506836,0.49820756912231445
ORD0093770,18.34043312072754,0.0006608472904190421
ORD0093771,22.469804763793945,0.0025851340033113956
ORD0093772,25.070159912109375,0.0008000115631148219
ORD0093773,17.17265510559082,0.01589014381170273
ORD0093774,59.81230163574219,0.004625764675438404
ORD0093775,49.74830627441406,0.0005786195979453623
ORD0093776,23.560012817382812,0.0005789066781289876
ORD0093777,17.014345169067383,0.0016705809393897653
ORD0093778,18.009929656982422,0.00028954402660019696
ORD0093779,18.63251304626465,0.00048231109394691885
ORD0093780,14.945880889892578,0.007109869737178087
ORD0093781,12.845060348510742,0.00030639406759291887
ORD0093782,45.94410705566406,0.00042680613114498556
ORD0093783,14.124143600463867,0.0009654725436121225
ORD0093784,14.647587776184082,0.011562572792172432
ORD0093785,23.786638259887695,0.0007917227922007442
ORD0093786,17.072803497314453,0.003226030617952347
ORD0093787,14.590042114257812,0.0006574020371772349
ORD0093788,15.483428955078125,0.0013421477051451802
ORD0093789,11.096534729003906,0.0031938219908624887
ORD0093790,15.23260498046875,0.005909292493015528
ORD0093791,28.005897521972656,0.0006923710461705923
ORD0093792,36.511016845703125,0.0008460782119072974
ORD0093793,30.013690948486328,0.000680405180901289
ORD0093794,10.758829116821289,0.008864187635481358
ORD0093795,14.947643280029297,0.034720927476882935
ORD0093796,16.188541412353516,0.9339328408241272
ORD0093797,12.679679870605469,0.12427127361297607
ORD0093798,12.193283081054688,0.00011349532724125311
ORD0093799,11.085945129394531,0.00019296607933938503
ORD0093800,10.473151206970215,0.0036540902219712734
ORD0093801,10.393314361572266,9.666010009823367e-05
ORD0093802,10.974825859069824,9.850989590631798e-05
ORD0093803,8.384902000427246,0.03286460414528847
ORD0093804,12.820844650268555,0.8401032090187073
ORD0093805,9.742610931396484,0.0003598225594032556
ORD0093806,11.168542861938477,0.00012285287084523588
ORD0093807,9.973786354064941,0.0001284862228203565
ORD0093808,9.489228248596191,0.0012303207768127322
ORD0093809,12.082626342773438,0.5290538668632507
ORD0093810,9.805598258972168,0.00010184802522417158
ORD0093811,14.39981460571289,0.00074693065835163
ORD0093812,15.587461471557617,0.00019085773965343833
ORD0093813,25.708099365234375,0.00044246387551538646
ORD0093814,27.229290008544922,0.00018006285245064646
ORD0093815,9.96689510345459,0.00832919031381607
ORD0093816,10.450220108032227,0.0006506397621706128
ORD0093817,18.357908248901367,0.2820934057235718
ORD0093818,20.673721313476562,0.0002673293056432158
ORD0093819,18.189258575439453,0.00013336633855942637
ORD0093820,22.93718910217285,0.0021935615222901106
ORD0093821,22.6347599029541,0.015904085710644722
ORD0093822,17.308164596557617,0.0008947623427957296
ORD0093823,15.358407974243164,0.00016333552775904536
ORD0093824,19.9931640625,0.2688289284706116
ORD0093825,16.02410888671875,0.00023091323964763433
ORD0093826,17.932987213134766,0.00016350710939150304
ORD0093827,17.365171432495117,0.09901832789182663
ORD0093828,15.147109985351562,0.008413717150688171
ORD0093829,11.096639633178711,0.036660950630903244
ORD0093830,12.81110954284668,0.38572922348976135
ORD0093831,26.44729995727539,0.7132453322410583
ORD0093832,17.753253936767578,0.012601467780768871
ORD0093833,17.649995803833008,0.04016631469130516
ORD0093834,12.620293617248535,0.04763355106115341
ORD0093835,12.331930160522461,0.13343526422977448
ORD0093836,11.124281883239746,0.18764647841453552
ORD0093837,21.21698570251465,0.7356358766555786
ORD0093838,17.61396026611328,0.11043183505535126
ORD0093839,16.486787796020508,0.9351345896720886
ORD0093840,67.5818099975586,0.02220485731959343
ORD0093841,18.645631790161133,0.0005157602718099952
ORD0093842,13.730754852294922,0.005646615754812956
ORD0093843,13.294407844543457,0.0013606895226985216
ORD0093844,14.030454635620117,0.013614604249596596
ORD0093845,59.81972885131836,0.016479896381497383
ORD0093846,45.12090301513672,0.3986293375492096
ORD0093847,20.723636627197266,0.14962473511695862
ORD0093848,26.30858612060547,0.9273489117622375
ORD0093849,15.344839096069336,0.8406755924224854
ORD0093850,16.88147735595703,0.9922119379043579
ORD0093851,14.839315414428711,0.4118221402168274
ORD0093852,21.38787078857422,0.9880727529525757
ORD0093853,18.761629104614258,0.13917949795722961
ORD0093854,16.93697166442871,0.003106039250269532
ORD0093855,15.614439964294434,0.0007215159712359309
ORD0093856,21.572175979614258,0.0004595176433213055
ORD0093857,19.120784759521484,0.0010057487525045872
ORD0093858,27.584705352783203,0.0013134347973391414
ORD0093859,26.44281005859375,0.024021970108151436
ORD0093860,40.64979553222656,0.0064482493326067924
ORD0093861,25.401880264282227,0.11276715248823166
ORD0093862,15.328496932983398,0.00047114453627727926
ORD0093863,14.079345703125,0.0022389902733266354
ORD0093864,15.373144149780273,0.0021682034712284803
ORD0093865,29.727739334106445,0.0008954471559263766
ORD0093866,23.025882720947266,0.0004497038316912949
ORD0093867,23.50943374633789,0.039328429847955704
ORD0093868,20.116296768188477,0.16256587207317352
ORD0093869,16.655797958374023,0.002736102556809783
ORD0093870,30.856029510498047,0.0004081972292624414
ORD0093871,17.317434310913086,0.0005505732842721045
ORD0093872,25.999370574951172,0.6243218183517456
ORD0093873,30.944454193115234,0.8144909739494324
ORD0093874,21.031463623046875,0.001051644328981638
ORD0093875,17.493244171142578,0.008587807416915894
ORD0093876,14.202197074890137,0.00037957719177939
ORD0093877,24.62407112121582,0.0002465015568304807
ORD0093878,24.25606918334961,0.00018386117881163955
ORD0093879,14.771024703979492,0.03472909331321716
ORD0093880,14.743695259094238,0.0013612974435091019
ORD0093881,20.20191764831543,0.0008198216091841459
ORD0093882,17.817298889160156,0.0033907287288457155
ORD0093883,30.322288513183594,0.004963881801813841
ORD0093884,33.299991607666016,0.1248493492603302
ORD0093885,19.768814086914062,0.028226042166352272
ORD0093886,40.83978271484375,0.0006768848397769034
ORD0093887,37.30553436279297,0.005878899712115526
ORD0093888,15.840696334838867,0.5201466083526611
ORD0093889,18.802108764648438,0.529992938041687
ORD0093890,16.403902053833008,0.0004633494245354086
ORD0093891,21.200862884521484,0.0011890233727172017
ORD0093892,109.53531646728516,0.0007261532009579241
ORD0093893,27.767127990722656,0.04383045434951782
ORD0093894,28.93817138671875,0.0037891871761530638
ORD0093895,17.67858123779297,0.0009308981825597584
ORD0093896,17.194080352783203,0.0006435249233618379
ORD0093897,29.18988037109375,0.7779916524887085
ORD0093898,19.35807991027832,0.0022260360419750214
ORD0093899,18.038801193237305,0.9829379916191101
ORD0093900,13.738765716552734,0.053420182317495346
ORD0093901,27.277503967285156,0.9963984489440918
ORD0093902,22.98318862915039,0.38611549139022827
ORD0093903,13.906560897827148,0.016749626025557518
ORD0093904,10.924856185913086,0.001358438516035676
ORD0093905,21.65130043029785,0.6495741009712219
ORD0093906,24.762981414794922,0.9094562530517578
ORD0093907,38.56927490234375,0.0034872121177613735
ORD0093908,33.474342346191406,0.0003862451121676713
ORD0093909,26.42336082458496,0.9878026843070984
ORD0093910,30.776155471801758,0.01989850588142872
ORD0093911,21.522605895996094,0.20212997496128082
ORD0093912,19.76990509033203,0.001552434521727264
ORD0093913,27.725017547607422,0.06793291866779327
ORD0093914,26.961318969726562,0.0027062806766480207
ORD0093915,23.636089324951172,0.3679935932159424
ORD0093916,17.700809478759766,0.009244709275662899
ORD0093917,22.220535278320312,0.02388129010796547
ORD0093918,16.861364364624023,0.001512609189376235
ORD0093919,23.553829193115234,0.8880106806755066
ORD0093920,14.178680419921875,0.000683385122101754
ORD0093921,15.205598831176758,0.00844951719045639
ORD0093922,27.975746154785156,0.0007431626436300576
ORD0093923,23.589250564575195,0.0036340595688670874
ORD0093924,18.507184982299805,0.0009506308124400675
ORD0093925,15.509510040283203,0.0020558566320687532
ORD0093926,16.144851684570312,0.0743197426199913
ORD0093927,16.03372573852539,0.005964420735836029
ORD0093928,18.192792892456055,0.7920012474060059
ORD0093929,41.22288131713867,0.0015870165079832077
ORD0093930,17.328746795654297,0.10102915018796921
ORD0093931,22.087186813354492,0.5438052415847778
ORD0093932,17.8608455657959,0.02549598179757595
ORD0093933,17.123205184936523,0.942582368850708
ORD0093934,13.489309310913086,0.20190168917179108
ORD0093935,14.766024589538574,0.0008854466141201556
ORD0093936,14.501578330993652,0.025378061458468437
ORD0093937,13.569421768188477,0.00038081748061813414
ORD0093938,13.532636642456055,0.000649679044727236
ORD0093939,13.844743728637695,0.0007360987365245819
ORD0093940,15.09886360168457,0.4628292918205261
ORD0093941,10.71873664855957,0.0004177880473434925
ORD0093942,10.905396461486816,0.0006927103386260569
ORD0093943,14.066366195678711,0.0033227705862373114
ORD0093944,13.636670112609863,0.2667360305786133
ORD0093945,14.447689056396484,0.9640511274337769
ORD0093946,14.360967636108398,0.5741047859191895
ORD0093947,12.438175201416016,0.0011779727647081017
ORD0093948,13.335585594177246,0.0035101468674838543
ORD0093949,21.106674194335938,0.14278702437877655
ORD0093950,31.437259674072266,0.03685389831662178
ORD0093951,13.429571151733398,0.8440625667572021
ORD0093952,16.171722412109375,0.009776740334928036
ORD0093953,21.262847900390625,0.9932644367218018
ORD0093954,17.518789291381836,0.11121629178524017
ORD0093955,26.907882690429688,0.0009195453021675348
ORD0093956,23.776762008666992,0.0033622633200138807
ORD0093957,21.54808235168457,0.009592431597411633
ORD0093958,32.002220153808594,0.12739267945289612
ORD0093959,26.969173431396484,0.04542851075530052
ORD0093960,34.974185943603516,0.8816748261451721
ORD0093961,19.99176025390625,0.00029421114595606923
ORD0093962,13.814090728759766,0.000415453570894897
ORD0093963,24.564699172973633,0.3926900029182434
ORD0093964,26.477279663085938,0.9786971211433411
ORD0093965,23.418203353881836,0.00044685770990327
ORD0093966,21.138891220092773,0.001742456923238933
ORD0093967,40.50457000732422,0.0005646658246405423
ORD0093968,22.310306549072266,0.17740961909294128
ORD0093969,19.942392349243164,0.5333948731422424
ORD0093970,14.09101676940918,0.030366910621523857
ORD0093971,11.716852188110352,0.06271708756685257
ORD0093972,18.387062072753906,0.7399006485939026
ORD0093973,19.764554977416992,0.9139751195907593
ORD0093974,34.696468353271484,0.9359631538391113
ORD0093975,21.767683029174805,0.05689104273915291
ORD0093976,16.523597717285156,0.1583695262670517
ORD0093977,36.912960052490234,0.016513386741280556
ORD0093978,16.613662719726562,0.1132817491889
ORD0093979,17.532987594604492,0.9503539204597473
ORD0093980,15.810678482055664,0.30955037474632263
ORD0093981,30.374298095703125,0.1015632376074791
ORD0093982,26.939044952392578,0.8213010430335999
ORD0093983,19.053855895996094,0.2786337435245514
ORD0093984,20.509469985961914,0.0010839661117643118
ORD0093985,19.329261779785156,0.0021730854641646147
ORD0093986,17.94723129272461,0.000447572412667796
ORD0093987,54.870025634765625,0.012848909944295883
ORD0093988,33.057281494140625,0.0006904776091687381
ORD0093989,26.93564796447754,0.45464709401130676
ORD0093990,9.960658073425293,0.0001610431936569512
ORD0093991,9.612833976745605,0.00042908365139737725
ORD0093992,14.741430282592773,0.0002651946560945362
ORD0093993,13.300390243530273,0.0004211587365716696
ORD0093994,16.193029403686523,0.0002084674488287419
ORD0093995,27.30364418029785,0.03535185754299164
ORD0093996,18.880455017089844,0.0005682126502506435
ORD0093997,29.876062393188477,0.8375774025917053
ORD0093998,22.57505226135254,0.0016247760504484177
ORD0093999,14.521331787109375,0.00027258929912932217
ORD0094000,8.97266960144043,0.00015740157687105238
ORD0094001,10.446102142333984,0.00037280787364579737
ORD0094002,27.56247901916504,0.001263730227947235
ORD0094003,20.763751983642578,0.0003237690543755889
ORD0094004,19.07452964782715,0.011042303405702114
ORD0094005,17.947561264038086,0.022410111501812935
ORD0094006,16.10222625732422,0.953325629234314
ORD0094007,14.167531967163086,0.20311065018177032
ORD0094008,22.295028686523438,0.02433246560394764
ORD0094009,26.359966278076172,0.12649226188659668
ORD0094010,25.351402282714844,0.8153581023216248
ORD0094011,16.16373062133789,0.00044339950545690954
ORD0094012,12.254486083984375,0.000512011640239507
ORD0094013,11.589141845703125,0.0009474859107285738
ORD0094014,22.253389358520508,0.00022851364337839186
ORD0094015,19.95225715637207,0.000507948047015816
ORD0094016,11.035247802734375,0.0012377746170386672
ORD0094017,13.390697479248047,0.006299300584942102
ORD0094018,14.176239013671875,0.0040280199609696865
ORD0094019,22.148014068603516,0.008089286275207996
ORD0094020,20.31875228881836,0.3213319778442383
ORD0094021,18.357681274414062,0.1807703673839569
ORD0094022,21.544334411621094,0.9401534795761108
ORD0094023,29.564380645751953,0.0007250049384310842
ORD0094024,14.299528121948242,0.9245758056640625
ORD0094025,13.020854949951172,0.9904689192771912
ORD0094026,14.042688369750977,0.00017194575048051775
ORD0094027,27.199565887451172,0.9951189756393433
ORD0094028,21.246923446655273,0.9785866141319275
ORD0094029,18.946430206298828,0.38958224654197693
ORD0094030,23.012786865234375,0.9987982511520386
ORD0094031,24.606258392333984,0.9977085590362549
ORD0094032,22.20099449157715,0.9142383933067322
ORD0094033,23.058391571044922,0.8477493524551392
ORD0094034,16.417503356933594,0.9994503855705261
ORD0094035,14.519988059997559,0.9987894892692566
ORD0094036,22.330278396606445,0.9995922446250916
ORD0094037,24.200523376464844,0.9993957281112671
ORD0094038,15.170049667358398,0.9893548488616943
ORD0094039,43.331546783447266,0.026115700602531433
ORD0094040,42.184967041015625,0.029644325375556946
ORD0094041,14.195356369018555,0.03990016132593155
ORD0094042,18.755634307861328,0.12617571651935577
ORD0094043,14.64886474609375,0.12261482328176498
ORD0094044,17.06000328063965,0.7084578275680542
ORD0094045,27.815139770507812,0.000839699525386095
ORD0094046,18.628854751586914,0.7298384308815002
ORD0094047,18.85536003112793,0.9220640659332275
ORD0094048,28.517471313476562,0.003452399279922247
ORD0094049,18.784395217895508,0.04442321136593819
ORD0094050,15.050580978393555,0.025953959673643112
ORD0094051,20.698814392089844,0.00119352200999856
ORD0094052,20.933523178100586,0.0012487272033467889
ORD0094053,13.505367279052734,0.002334708347916603
ORD0094054,14.047830581665039,0.0009944286430254579
ORD0094055,12.999231338500977,0.0017613113159313798
ORD0094056,15.189125061035156,0.01806432381272316
ORD0094057,13.251502990722656,0.002410846995189786
ORD0094058,11.097936630249023,0.015170479193329811
ORD0094059,17.998023986816406,0.0006876276456750929
ORD0094060,15.91141128540039,0.0047235311940312386
ORD0094061,13.37800407409668,0.08863147348165512
ORD0094062,12.141593933105469,0.0307580828666687
ORD0094063,15.399124145507812,0.6142357587814331
ORD0094064,12.007254600524902,0.6559180617332458
ORD0094065,9.057592391967773,0.7903717160224915
ORD0094066,12.165495872497559,0.823972761631012
ORD0094067,12.9656982421875,0.9636245369911194
ORD0094068,15.073226928710938,0.9595068693161011
ORD0094069,13.367023468017578,0.9917776584625244
ORD0094070,11.10623550415039,0.9909163117408752
ORD0094071,12.237557411193848,0.0006867244956083596
ORD0094072,11.74880599975586,0.00020540173863992095
ORD0094073,11.905418395996094,0.0001851812266977504
ORD0094074,12.505034446716309,0.00490166898816824
ORD0094075,12.178923606872559,0.0004184281569905579
ORD0094076,9.692059516906738,0.0003211106522940099
ORD0094077,8.724832534790039,0.00018920146976597607
ORD0094078,11.657160758972168,0.05952953174710274
ORD0094079,10.941478729248047,0.5862060785293579
ORD0094080,12.674400329589844,0.9405672550201416
ORD0094081,10.124391555786133,0.00110877666156739
ORD0094082,10.344892501831055,0.00022477525635622442
ORD0094083,15.723189353942871,0.0003773041535168886
ORD0094084,28.456274032592773,0.0002935099182650447
ORD0094085,30.42181396484375,0.02035103552043438
ORD0094086,10.379048347473145,0.0012048262869939208
ORD0094087,13.39082145690918,0.21449197828769684
ORD0094088,16.554349899291992,0.006976931821554899
ORD0094089,14.09063720703125,0.9084646105766296
ORD0094090,20.469266891479492,0.0004628020687960088
ORD0094091,23.016868591308594,0.00031339586712419987
ORD0094092,21.306053161621094,0.002258831402286887
ORD0094093,19.023605346679688,0.011337801814079285
ORD0094094,19.029720306396484,0.0012336153304204345
ORD0094095,14.996359825134277,0.00021034626115579158
ORD0094096,12.321178436279297,0.0001229037152370438
ORD0094097,20.428421020507812,0.499781996011734
ORD0094098,13.933237075805664,0.00034539576154202223
ORD0094099,16.606279373168945,0.0002668360830284655
ORD0094100,98.8697509765625,0.0005776409525424242
ORD0094101,24.855384826660156,0.41132232546806335
ORD0094102,11.190815925598145,0.060482632368803024
ORD0094103,10.792267799377441,0.2506992220878601
ORD0094104,16.9260196685791,0.7067505121231079
ORD0094105,26.554283142089844,0.9792592525482178
ORD0094106,20.265146255493164,0.16324162483215332
ORD0094107,19.774250030517578,0.8142592310905457
ORD0094108,15.893196105957031,0.5298309326171875
ORD0094109,11.218812942504883,0.16286614537239075
ORD0094110,17.496421813964844,0.8002106547355652
ORD0094111,13.758296966552734,0.8428698182106018
ORD0094112,24.783050537109375,0.6366772055625916
ORD0094113,20.479406356811523,0.941360354423523
ORD0094114,14.357992172241211,0.3916608691215515
ORD0094115,86.35130310058594,0.26519957184791565
ORD0094116,19.516357421875,0.3798377811908722
ORD0094117,15.960003852844238,0.010729582980275154
ORD0094118,18.14822769165039,0.9481263160705566
ORD0094119,52.160587310791016,0.9965954422950745
ORD0094120,47.04269027709961,0.1034812182188034
ORD0094121,27.745765686035156,0.9985878467559814
ORD0094122,28.936729431152344,0.9078122973442078
ORD0094123,9.328165054321289,0.00017080614634323865
ORD0094124,9.068399429321289,0.00017673704132903367
ORD0094125,9.015268325805664,0.0003670747682917863
ORD0094126,8.499687194824219,0.00023475789930671453
ORD0094127,12.678983688354492,0.0003164233348798007
ORD0094128,12.925680160522461,0.0001649337646085769
ORD0094129,15.866767883300781,0.017704766243696213
ORD0094130,17.054553985595703,0.11584509164094925
ORD0094132,41.37776184082031,0.9388733506202698
ORD0094133,9.453469276428223,0.000632976065389812
ORD0094134,8.513382911682129,0.0023710918612778187
ORD0094135,8.959973335266113,0.00016375206178054214
ORD0094137,18.594942092895508,0.00012721202801913023
ORD0094139,23.448883056640625,0.992316722869873
ORD0094141,12.53326416015625,0.0006559335743077099
ORD0094143,15.111169815063477,0.010138515383005142
ORD0094144,18.771835327148438,0.005571406800299883
ORD0094145,60.884159088134766,0.0013259168481454253
ORD0094146,56.06766891479492,0.0005608107312582433
ORD0094147,38.91295623779297,0.00048792854067869484
ORD0094148,14.581825256347656,0.00759431766346097
ORD0094149,12.090340614318848,0.021314961835741997
ORD0094150,13.351512908935547,0.11496143043041229
ORD0094151,12.05242919921875,0.7816321849822998
ORD0094152,19.354053497314453,0.0003484554181341082
ORD0094153,18.635345458984375,0.017332853749394417
ORD0094154,10.82955551147461,0.11417704075574875
ORD0094155,13.262493133544922,0.9932250380516052
ORD0094156,13.494314193725586,0.8439769148826599
ORD0094157,18.306930541992188,0.9965023994445801
ORD0094158,21.6586856842041,0.7998842597007751
ORD0094159,27.058441162109375,0.9987296462059021
ORD0094160,16.734453201293945,0.9894081354141235
ORD0094161,19.747968673706055,0.9982265830039978
ORD0094162,21.82461166381836,0.0021935219410806894
ORD0094163,26.919912338256836,0.9391407370567322
ORD0094164,13.042716026306152,0.9936902523040771
ORD0094165,13.754439353942871,0.0008885738207027316
ORD0094166,16.270971298217773,0.0668649896979332
ORD0094167,27.450481414794922,0.0023833231534808874
ORD0094168,21.584890365600586,0.0010344297625124454
ORD0094169,14.484444618225098,0.0005232807016000152
ORD0094170,11.664615631103516,0.000431267311796546
ORD0094171,25.76447296142578,0.08124661445617676
ORD0094172,18.324081420898438,0.01040252111852169
ORD0094173,15.66729736328125,0.0007261154823936522
ORD0094174,17.6083984375,0.000675656134262681
ORD0094175,14.760749816894531,0.6722667813301086
ORD0094176,9.102019309997559,0.1386379599571228
ORD0094177,18.797321319580078,0.966924786567688
ORD0094178,18.501325607299805,0.840873658657074
ORD0094179,8.46949291229248,0.004311425611376762
ORD0094180,8.415868759155273,0.0010375664569437504
ORD0094181,54.00791931152344,0.000467736303107813
ORD0094182,13.150849342346191,0.9370099902153015
ORD0094183,15.662969589233398,0.44655728340148926
ORD0094184,18.124366760253906,0.9823240041732788
ORD0094185,14.33228874206543,0.7717522382736206
ORD0094186,31.234718322753906,0.05389708653092384
ORD0094187,25.052751541137695,0.032121676951646805
ORD0094188,17.238874435424805,0.9914714694023132
ORD0094189,20.393278121948242,0.5250180959701538
ORD0094190,18.3710994720459,0.9264530539512634
ORD0094191,17.723535537719727,0.43891414999961853
ORD0094192,18.898895263671875,0.0015434884699061513
ORD0094193,19.706281661987305,0.0390130952000618
ORD0094194,13.538403511047363,0.0023585697636008263
ORD0094195,13.540754318237305,0.25712621212005615
ORD0094196,14.4193696975708,0.0017419378273189068
ORD0094197,11.486210823059082,0.02862989529967308
ORD0094198,11.567667961120605,0.008669925853610039
ORD0094199,13.508694648742676,0.713131308555603
ORD0094200,9.684856414794922,0.01697644405066967
ORD0094201,8.401569366455078,0.01690853200852871
ORD0094202,15.51069164276123,0.004937502555549145
ORD0094203,16.400894165039062,0.009444021619856358
ORD0094204,13.140568733215332,0.0026634878013283014
ORD0094205,10.858808517456055,0.0038291208911687136
ORD0094206,8.277125358581543,0.0007773597026243806
ORD0094207,9.178633689880371,0.17926089465618134
ORD0094208,11.538562774658203,0.13306662440299988
ORD0094209,11.795330047607422,0.41587814688682556
ORD0094210,8.128324508666992,0.5819291472434998
ORD0094211,7.732874870300293,0.4194642901420593
ORD0094212,12.961812019348145,0.9131986498832703
ORD0094213,11.51207160949707,0.9850174784660339
ORD0094214,10.37410831451416,0.8782051801681519
ORD0094215,11.259035110473633,0.060359466820955276
ORD0094216,10.013788223266602,0.0049301073886454105
ORD0094217,12.2183198928833,0.3245570957660675
ORD0094218,10.23853874206543,0.00391288660466671
ORD0094219,7.601411819458008,0.005934224929660559
ORD0094220,7.272095680236816,0.00204597320407629
ORD0094221,10.6626615524292,0.7332441806793213
ORD0094222,9.879815101623535,0.01578715443611145
ORD0094223,9.600996017456055,0.9618314504623413
ORD0094224,8.798202514648438,0.02564810961484909
ORD0094225,10.94168472290039,0.9903767704963684
ORD0094226,9.972501754760742,0.013046128675341606
ORD0094227,9.26128101348877,0.0033224844373762608
ORD0094228,13.302827835083008,0.010568863712251186
ORD0094229,14.898958206176758,0.01822151243686676
ORD0094230,23.875335693359375,0.006011733785271645
ORD0094231,25.941730499267578,0.009423879906535149
ORD0094232,8.77107048034668,0.0275450199842453
ORD0094233,14.438831329345703,0.12343616038560867
ORD0094234,14.814615249633789,0.25310274958610535
ORD0094235,19.74323272705078,0.00019793945830315351
ORD0094236,14.648014068603516,0.0003887196071445942
ORD0094237,15.909773826599121,0.0001377715088892728
ORD0094238,21.31816291809082,0.00245095556601882
ORD0094239,16.146499633789062,0.0003324067802168429
ORD0094240,14.772579193115234,0.0001746786874718964
ORD0094241,9.75186824798584,0.00010298567940481007
ORD0094242,14.192119598388672,0.04758657515048981
ORD0094243,16.355215072631836,0.0017648233333602548
ORD0094244,12.718221664428711,0.000141435899422504
ORD0094245,15.323683738708496,0.10152605175971985
ORD0094246,14.266053199768066,0.14793628454208374
ORD0094247,8.663894653320312,0.017401818186044693
ORD0094248,8.826653480529785,0.03976964205503464
ORD0094249,10.518199920654297,0.2854640781879425
ORD0094250,8.032069206237793,0.38295987248420715
ORD0094251,21.368896484375,0.736160397529602
ORD0094252,22.25102424621582,0.7104445099830627
ORD0094253,13.638193130493164,0.03906697407364845
ORD0094254,10.945709228515625,0.0765988677740097
ORD0094255,11.219491958618164,0.0679672509431839
ORD0094256,10.478547096252441,0.08833637833595276
ORD0094257,20.696489334106445,0.5841368436813354
ORD0094258,13.384198188781738,0.367245614528656
ORD0094259,15.748422622680664,0.9318243265151978
ORD0094260,11.239498138427734,0.5338437557220459
ORD0094261,14.650439262390137,0.0012466219486668706
ORD0094262,12.014730453491211,0.0007112842286005616
ORD0094263,11.247583389282227,0.0015538593288511038
ORD0094264,42.149410247802734,0.021878844127058983
ORD0094265,15.70011043548584,0.116856649518013
ORD0094266,12.237836837768555,0.9129092693328857
ORD0094267,12.173410415649414,0.43797194957733154
ORD0094268,12.04494571685791,0.998114824295044
ORD0094269,17.920042037963867,0.9973617196083069
ORD0094270,15.540889739990234,0.9703480005264282
ORD0094271,14.082466125488281,0.011879879981279373
ORD0094272,11.69156551361084,0.002992780413478613
ORD0094273,18.82302474975586,0.03212808072566986
ORD0094275,21.070968627929688,0.21156038343906403
ORD0094276,28.159317016601562,0.4640756845474243
ORD0094278,14.139852523803711,0.001172295305877924
ORD0094279,12.968475341796875,0.15482744574546814
ORD0094280,22.541839599609375,0.0025452503468841314
ORD0094281,20.600051879882812,0.9656972289085388
ORD0094282,13.182963371276855,0.012604232877492905
ORD0094283,16.809450149536133,0.9165220260620117
ORD0094284,11.069172859191895,0.10649707913398743
ORD0094285,13.886699676513672,0.010631976649165154
ORD0094286,15.704495429992676,0.00045871807378716767
ORD0094287,23.83864974975586,0.9936057329177856
ORD0094289,14.254859924316406,0.9854655265808105
ORD0094290,13.255752563476562,0.15114332735538483
ORD0094291,15.903017044067383,0.9982665181159973
ORD0094292,18.990312576293945,0.00584954209625721
ORD0094293,12.08395767211914,0.11994685232639313
ORD0094294,11.508626937866211,0.9400532841682434
ORD0094295,19.270503997802734,0.5365359783172607
ORD0094296,19.67531394958496,0.897186815738678
ORD0094297,20.71790313720703,0.991455078125
ORD0094298,18.72947120666504,0.9959207773208618
ORD0094299,24.932693481445312,0.026625268161296844
ORD0094300,29.797607421875,0.25642716884613037
ORD0094301,15.315632820129395,0.9967553019523621
ORD0094302,12.93069076538086,0.999561607837677
ORD0094303,14.261028289794922,0.9045106172561646
ORD0094304,100.77257537841797,0.16549307107925415
ORD0094305,57.31283950805664,0.23430860042572021
ORD0094306,43.847843170166016,0.011079184710979462
ORD0094307,23.460140228271484,0.0008671865216456354
ORD0094308,20.15964698791504,0.0007480119238607585
ORD0094309,14.431388854980469,0.00046777172246947885
ORD0094310,13.246330261230469,0.0006198507617227733
ORD0094311,22.04950714111328,0.01574188843369484
ORD0094312,19.99672508239746,0.007004396058619022
ORD0094313,17.55230712890625,0.0006810163031332195
ORD0094314,11.142587661743164,0.5090492963790894
ORD0094315,17.981834411621094,0.9029816389083862
ORD0094316,10.396533012390137,0.0016181831015273929
ORD0094317,75.05616760253906,0.0006822716095484793
ORD0094318,14.44924259185791,0.01809040643274784
ORD0094319,12.795829772949219,0.0037700117100030184
ORD0094320,15.977937698364258,0.11907241493463516
ORD0094321,13.693504333496094,0.007381475064903498
ORD0094322,23.93732261657715,0.0014051562175154686
ORD0094323,25.717496871948242,0.0012094773119315505
ORD0094324,16.045900344848633,0.40973615646362305
ORD0094325,15.559885025024414,0.08041664958000183
ORD0094326,26.106441497802734,0.004419681150466204
ORD0094327,19.53847312927246,0.0021289181895554066
ORD0094328,14.007410049438477,0.010854113847017288
ORD0094329,15.1815767288208,0.0048494902439415455
ORD0094330,25.125505447387695,0.0026793654542416334
ORD0094331,11.520517349243164,0.006281259004026651
ORD0094332,18.157995223999023,0.0027083056047558784
ORD0094333,13.637628555297852,0.017603572458028793
ORD0094334,9.544821739196777,0.012578657828271389
ORD0094335,17.494047164916992,0.003630777122452855
ORD0094336,12.635944366455078,0.0025166040286421776
ORD0094337,13.953696250915527,0.004524527583271265
ORD0094338,11.383339881896973,0.04616837576031685
ORD0094339,10.656624794006348,0.01006662379950285
ORD0094340,11.880697250366211,0.004885943606495857
ORD0094341,9.699311256408691,0.025122279301285744
ORD0094342,10.303667068481445,0.27479735016822815
ORD0094343,10.261682510375977,0.9015825390815735
ORD0094344,12.676185607910156,0.7484814524650574
ORD0094345,13.249189376831055,0.9752939939498901
ORD0094346,12.738592147827148,0.9893900752067566
ORD0094347,12.110544204711914,0.0001591988402651623
ORD0094348,11.293370246887207,8.335880556842312e-05
ORD0094349,11.523426055908203,0.0001632148923818022
ORD0094350,11.148067474365234,0.00036128252395428717
ORD0094351,8.064133644104004,0.00011043180711567402
ORD0094352,10.740110397338867,0.0009211448486894369
ORD0094353,10.469656944274902,0.00010528530401643366
ORD0094354,9.266139030456543,0.003981245215982199
ORD0094355,9.503277778625488,0.00018557629664428532
ORD0094356,11.354602813720703,0.021004967391490936
ORD0094357,10.40824031829834,0.0002384291437920183
ORD0094358,10.580442428588867,0.00014087543240748346
ORD0094359,10.949057579040527,9.253770986106247e-05
ORD0094360,15.387157440185547,0.00033443764550611377
ORD0094361,13.954936981201172,0.000362593011232093
ORD0094362,25.3863468170166,0.0001810444809962064
ORD0094363,23.220687866210938,0.00023047135618980974
ORD0094364,9.961071014404297,0.0008940510451793671
ORD0094365,16.19709587097168,0.0020670618396252394
ORD0094366,15.014650344848633,0.0014782730722799897
ORD0094367,94.99191284179688,0.26146891713142395
ORD0094368,57.93645095825195,0.0008532635401934385
ORD0094369,22.820117950439453,0.0010633005294948816
ORD0094370,18.837169647216797,0.01770881377160549
ORD0094371,20.565753936767578,0.00042737406329251826
ORD0094372,26.69964027404785,0.626727283000946
ORD0094373,16.174556732177734,0.00032480352092534304
ORD0094374,10.980743408203125,0.00012666007387451828
ORD0094375,18.908357620239258,0.9858367443084717
ORD0094376,18.477460861206055,0.0022062852513045073
ORD0094377,12.838724136352539,0.0007339713629335165
ORD0094378,16.311948776245117,0.0001937828928930685
ORD0094379,19.58445930480957,0.2861500680446625
ORD0094380,14.863798141479492,0.05318322032690048
ORD0094381,10.696718215942383,0.0479196272790432
ORD0094382,8.395218849182129,0.022771745920181274
ORD0094383,14.462579727172852,0.47815871238708496
ORD0094384,9.97862434387207,0.1706094592809677
ORD0094385,25.320222854614258,0.8705891370773315
ORD0094386,19.483556747436523,0.21933384239673615
ORD0094387,12.917253494262695,0.12212039530277252
ORD0094388,11.93160629272461,0.13035286962985992
ORD0094389,12.481340408325195,0.18458527326583862
ORD0094390,12.889461517333984,0.32404136657714844
ORD0094391,11.671756744384766,0.2348141074180603
ORD0094392,24.31985092163086,0.12964089214801788
ORD0094393,15.314656257629395,0.21156594157218933
ORD0094394,13.745025634765625,0.16149720549583435
ORD0094395,11.169157028198242,0.36707353591918945
ORD0094396,17.859745025634766,0.002941276878118515
ORD0094397,13.576305389404297,0.07042691856622696
ORD0094398,15.826645851135254,0.028924521058797836
ORD0094399,15.936120986938477,0.4852517545223236
ORD0094400,48.664581298828125,0.604965329170227
ORD0094401,23.499679565429688,0.9294813275337219
ORD0094402,25.878305435180664,0.9557328820228577
ORD0094403,34.400814056396484,0.001241925754584372
ORD0094404,12.121574401855469,0.00017149123596027493
ORD0094405,13.495261192321777,0.10858248174190521
ORD0094406,11.005941390991211,0.000305495981592685
ORD0094407,13.830507278442383,0.9829318523406982
ORD0094408,16.230552673339844,0.00027499187854118645
ORD0094409,18.502899169921875,0.9829328060150146
ORD0094410,15.52528190612793,8.941965643316507e-05
ORD0094411,12.844006538391113,0.0002145178004866466
ORD0094412,17.471067428588867,0.06602519005537033
ORD0094413,20.774494171142578,0.09509625285863876
ORD0094414,21.744619369506836,0.3728067874908447
ORD0094415,19.280967712402344,0.4067460298538208
ORD0094416,36.4300651550293,0.9792686104774475
ORD0094417,14.218351364135742,0.00022783402528148144
ORD0094418,10.16329574584961,0.00027396969380788505
ORD0094419,12.749715805053711,8.877090294845402e-05
ORD0094421,22.45033073425293,0.0006520324386656284
ORD0094423,26.179155349731445,0.9967668056488037
ORD0094425,14.330931663513184,0.00022067305690143257
ORD0094426,23.563074111938477,0.004982936196029186
ORD0094427,14.321981430053711,0.0013113573659211397
ORD0094428,19.071109771728516,0.0005190225783735514
ORD0094430,79.0574951171875,0.0038922394160181284
ORD0094431,70.82778930664062,0.004154059570282698
ORD0094432,53.31526565551758,0.0032103105913847685
ORD0094433,98.07881164550781,0.004584189970046282
ORD0094434,32.896217346191406,0.0004999535740353167
ORD0094435,63.21459197998047,0.0005570262437686324
ORD0094436,16.142501831054688,0.0001574503694428131
ORD0094437,14.279352188110352,0.00047052421723492444
ORD0094438,15.070634841918945,0.0006430087378248572
ORD0094439,15.546133041381836,0.0018034590175375342
ORD0094440,21.023178100585938,0.00011469196033431217
ORD0094441,20.28767967224121,0.0001454740558983758
ORD0094442,10.889240264892578,0.0015336177311837673
ORD0094443,17.387168884277344,0.016176024451851845
ORD0094444,29.194164276123047,0.7580917477607727
ORD0094445,24.508071899414062,0.015227305702865124
ORD0094446,23.696800231933594,0.9899845123291016
ORD0094447,39.017723083496094,0.006245691329240799
ORD0094448,15.7315673828125,0.9966046810150146
ORD0094449,19.694719314575195,0.45018699765205383
ORD0094450,15.42572021484375,0.0008831291925162077
ORD0094451,14.1116361618042,0.00024063186720013618
ORD0094452,30.549041748046875,0.2542245388031006
ORD0094453,17.241453170776367,0.0019468450918793678
ORD0094454,16.14286994934082,0.001242013298906386
ORD0094455,28.883621215820312,0.9537128210067749
ORD0094456,23.407848358154297,0.7582842707633972
ORD0094457,22.173261642456055,0.006060689687728882
ORD0094458,22.22372055053711,0.015485566109418869
ORD0094459,19.567768096923828,0.995262861251831
ORD0094460,23.666622161865234,0.9988106489181519
ORD0094461,23.143890380859375,0.9743567109107971
ORD0094462,12.730067253112793,0.1974879503250122
ORD0094463,13.517521858215332,0.44782549142837524
ORD0094464,17.910411834716797,0.6647290587425232
ORD0094465,18.816823959350586,0.9011645317077637
ORD0094466,19.250381469726562,0.9306676387786865
ORD0094467,18.465585708618164,0.9737758636474609
ORD0094468,29.920166015625,0.02049386501312256
ORD0094469,29.61083984375,0.027497557923197746
ORD0094470,19.211416244506836,0.9760401248931885
ORD0094471,20.809329986572266,0.9923151731491089
ORD0094472,22.042034149169922,0.10728822648525238
ORD0094473,20.83602523803711,0.19224686920642853
ORD0094474,23.585771560668945,0.6023600101470947
ORD0094475,18.068470001220703,0.9090560078620911
ORD0094476,25.283477783203125,0.012003244832158089
ORD0094477,21.949724197387695,0.0015669134445488453
ORD0094478,16.39812660217285,0.03816758468747139
ORD0094479,16.333377838134766,0.004165714140981436
ORD0094480,18.704553604125977,0.008448310196399689
ORD0094481,14.964774131774902,0.0017197185661643744
ORD0094482,16.810903549194336,0.3328278958797455
ORD0094483,14.321378707885742,0.009174272418022156
ORD0094484,12.47498893737793,0.0016178032383322716
ORD0094485,18.20749855041504,0.9653357267379761
ORD0094486,19.70606231689453,0.0008387799025513232
ORD0094487,22.11328887939453,0.6757592558860779
ORD0094488,16.976116180419922,0.14999015629291534
ORD0094489,15.693988800048828,0.1065075621008873
ORD0094490,12.317390441894531,0.005499992053955793
ORD0094491,15.850929260253906,0.02504991553723812
ORD0094492,9.820759773254395,0.020618349313735962
ORD0094493,8.879612922668457,0.04149986803531647
ORD0094494,15.837067604064941,0.0757221058011055
ORD0094495,15.814602851867676,0.19725722074508667
ORD0094496,13.295578002929688,0.37767475843429565
ORD0094497,14.500131607055664,0.0005214046686887741
ORD0094498,12.39674186706543,0.000665899075102061
ORD0094499,14.187198638916016,0.7244620323181152
ORD0094500,12.642461776733398,0.00028251632465980947
ORD0094501,12.812889099121094,0.0007290404173545539
ORD0094502,11.969755172729492,0.002287752227857709
ORD0094503,10.614436149597168,0.0001855966547736898
ORD0094504,9.517915725708008,0.0003245165862608701
ORD0094505,11.490339279174805,0.0021688288543373346
ORD0094506,12.341436386108398,0.016627823933959007
ORD0094507,10.61746883392334,0.00633618887513876
ORD0094508,12.004531860351562,0.22360509634017944
ORD0094509,11.770673751831055,0.03872110694646835
ORD0094510,12.959016799926758,0.7427029013633728
ORD0094511,11.726866722106934,0.00021762658434454352
ORD0094512,16.6632080078125,0.0008133914088830352
ORD0094513,21.226659774780273,0.00040139033808372915
ORD0094514,22.863590240478516,0.00033324287505820394
ORD0094515,13.397092819213867,0.008501855656504631
ORD0094516,17.080764770507812,0.08525745570659637
ORD0094517,15.019333839416504,0.001661866088397801
ORD0094518,30.498432159423828,0.0016847260994836688
ORD0094519,88.52083587646484,0.01130579225718975
ORD0094520,66.06378936767578,0.012984043918550014
ORD0094521,69.43609619140625,0.00721863005310297
ORD0094522,63.92724609375,0.0017934896750375628
ORD0094523,102.50171661376953,0.013930785469710827
ORD0094524,24.59589385986328,0.0005824995459988713
ORD0094525,22.14925193786621,0.00019546454132068902
ORD0094526,20.861608505249023,0.0022740457206964493
ORD0094527,24.858394622802734,0.000849216477945447
ORD0094528,20.732933044433594,0.02621292695403099
ORD0094529,16.153759002685547,0.00016376751591451466
ORD0094530,22.334590911865234,0.8334112763404846
ORD0094531,20.175323486328125,0.0061613111756742
ORD0094532,17.11599349975586,0.0002592511591501534
ORD0094533,20.294763565063477,0.312385231256485
ORD0094534,13.410082817077637,0.06288179010152817
ORD0094535,18.414751052856445,0.6299276351928711
ORD0094536,12.443135261535645,0.35940325260162354
ORD0094537,26.78135108947754,0.9484239816665649
ORD0094538,22.27973175048828,0.8699453473091125
ORD0094539,19.376222610473633,0.16146540641784668
ORD0094540,15.802974700927734,0.13499681651592255
ORD0094541,20.008712768554688,0.9789490103721619
ORD0094542,16.74660301208496,0.9844313263893127
ORD0094543,17.68606185913086,0.9932042360305786
ORD0094544,13.81268310546875,0.6096482276916504
ORD0094545,28.648515701293945,0.7974938154220581
ORD0094546,18.220123291015625,0.9137855768203735
ORD0094547,14.197718620300293,0.8468703031539917
ORD0094548,21.049104690551758,0.023229852318763733
ORD0094549,23.544986724853516,0.23894160985946655
ORD0094550,21.41759490966797,0.010698582045733929
ORD0094551,49.152713775634766,0.8325929641723633
ORD0094552,46.39741516113281,0.051374733448028564
ORD0094553,21.92463493347168,0.982312023639679
ORD0094554,28.32056427001953,0.21327626705169678
ORD0094555,11.933269500732422,0.001399876899085939
ORD0094556,11.748722076416016,0.00034562614746391773
ORD0094557,12.953672409057617,0.23826244473457336
ORD0094558,11.734776496887207,0.0030239711049944162
ORD0094559,16.62632942199707,0.06492685526609421
ORD0094560,15.70203685760498,0.0009566124062985182
ORD0094561,16.85449981689453,0.0007615035283379257
ORD0094562,12.827112197875977,0.00038508346187882125
ORD0094563,19.39893341064453,0.004684463143348694
ORD0094564,19.659032821655273,0.008578912355005741
ORD0094565,23.906415939331055,0.030281251296401024
ORD0094566,40.266971588134766,0.8726223707199097
ORD0094567,26.092121124267578,0.4175620675086975
ORD0094568,13.278852462768555,0.0001013004730339162
ORD0094569,7.694162368774414,0.012026451528072357
ORD0094570,11.308713912963867,0.00037303028511814773
ORD0094571,12.10035514831543,0.008616174571216106
ORD0094572,30.06033706665039,0.00031234920606948435
ORD0094573,26.90365219116211,0.9890775680541992
ORD0094574,15.508052825927734,0.010559652000665665
ORD0094575,28.309223175048828,0.0018011832144111395
ORD0094576,18.206918716430664,0.0001914504828164354
ORD0094577,27.564258575439453,0.2232389748096466
ORD0094578,16.441974639892578,0.00943678431212902
ORD0094579,18.721094131469727,0.48838964104652405
ORD0094580,14.458176612854004,0.0008457638323307037
ORD0094581,22.668039321899414,0.0005909455358050764
ORD0094582,13.683709144592285,0.00024784085690043867
ORD0094583,10.815821647644043,0.0025718233082443476
ORD0094584,23.90835952758789,0.9585261940956116
ORD0094585,16.63176155090332,0.018122047185897827
ORD0094586,25.374841690063477,0.0007615924696438015
ORD0094587,27.021392822265625,0.26686206459999084
ORD0094588,23.020225524902344,0.0038643984589725733
ORD0094589,33.982295989990234,0.0001373700943076983
ORD0094590,31.452659606933594,0.0004168877494521439
ORD0094591,15.440668106079102,0.012884216383099556
ORD0094592,17.849048614501953,0.008910044096410275
ORD0094593,21.331310272216797,0.00017554093210492283
ORD0094594,103.63973236083984,0.00036193750565871596
ORD0094595,30.97461700439453,0.009132495149970055
ORD0094596,17.199647903442383,0.0006256605847738683
ORD0094597,24.5054931640625,0.2906546890735626
ORD0094598,21.704296112060547,0.0012129429960623384
ORD0094599,21.987804412841797,0.015092532150447369
ORD0094600,18.567140579223633,0.962016761302948
ORD0094601,15.010533332824707,0.7007417678833008
ORD0094602,23.941253662109375,0.993287980556488
ORD0094603,12.36021614074707,0.00624765083193779
ORD0094604,12.630080223083496,0.37531375885009766
ORD0094605,18.18600082397461,0.026602495461702347
ORD0094606,18.473363876342773,0.2141958326101303
ORD0094607,32.67578125,0.0008869306184351444
ORD0094608,18.312131881713867,0.6898442506790161
ORD0094609,18.960575103759766,0.0010274568339809775
ORD0094610,28.97533416748047,0.00480878259986639
ORD0094611,24.441808700561523,0.0010985939297825098
ORD0094612,19.3055477142334,0.03571971878409386
ORD0094613,75.66200256347656,0.011232098564505577
ORD0094614,44.47034454345703,0.0020148293115198612
ORD0094615,27.10562515258789,0.0049351719208061695
ORD0094616,15.842141151428223,0.009910997934639454
ORD0094617,19.368696212768555,0.0007226662710309029
ORD0094618,20.113746643066406,0.005996577441692352
ORD0094619,16.48086166381836,0.04259449243545532
ORD0094620,13.246883392333984,0.0007064230740070343
ORD0094621,60.87936782836914,0.0016758434940129519
ORD0094622,12.411754608154297,0.004509000573307276
ORD0094623,17.456371307373047,0.028151141479611397
ORD0094624,20.51955795288086,0.001540155615657568
ORD0094625,20.854389190673828,0.005143698770552874
ORD0094626,14.707242965698242,0.0025942272040992975
ORD0094627,15.056866645812988,0.002342287451028824
ORD0094628,13.525318145751953,0.027590591460466385
ORD0094629,16.931407928466797,0.29092177748680115
ORD0094630,34.50691223144531,0.0019151205196976662
ORD0094631,59.85663604736328,0.002352885901927948
ORD0094632,9.706803321838379,0.022940991446375847
ORD0094633,14.486028671264648,0.15662653744220734
ORD0094634,16.555511474609375,0.05015601962804794
ORD0094635,13.484587669372559,0.5142543911933899
ORD0094636,14.755098342895508,0.001028715050779283
ORD0094637,12.755800247192383,0.0003587217361200601
ORD0094638,11.57136344909668,0.00019239804532844573
ORD0094639,11.596467971801758,0.00018677256593946368
ORD0094640,10.778400421142578,0.004665704909712076
ORD0094641,8.5633544921875,0.00021991018729750067
ORD0094642,11.545997619628906,0.04651971906423569
ORD0094643,11.828781127929688,0.0011507647577673197
ORD0094644,10.548796653747559,0.34471505880355835
ORD0094645,12.904804229736328,0.903075635433197
ORD0094646,11.177494049072266,0.0055646030232310295
ORD0094647,13.780817985534668,0.9475046992301941
ORD0094648,10.746211051940918,0.00014602024748455733
ORD0094649,18.49538230895996,0.04810265451669693
ORD0094650,16.192691802978516,0.0006406413740478456
ORD0094651,25.30754852294922,0.008282369934022427
ORD0094652,26.275178909301758,0.0002610028604976833
ORD0094653,13.965887069702148,0.9078633189201355
ORD0094654,15.704694747924805,0.002922508865594864
ORD0094655,21.62669563293457,0.9924153685569763
ORD0094656,23.863922119140625,0.0005221663741394877
ORD0094657,20.607431411743164,0.19488728046417236
ORD0094658,19.20417022705078,0.00211728154681623
ORD0094659,17.615047454833984,0.012179002165794373
ORD0094660,23.9102783203125,0.9580419063568115
ORD0094661,15.754694938659668,0.00016706963651813567
ORD0094662,21.090293884277344,0.5597881078720093
ORD0094663,19.737632751464844,0.00035050325095653534
ORD0094664,16.839252471923828,0.017031757161021233
ORD0094665,19.319011688232422,0.22143593430519104
ORD0094666,19.29880714416504,0.4707449972629547
ORD0094667,11.812589645385742,0.038279663771390915
ORD0094668,16.249990463256836,0.6553937792778015
ORD0094669,24.476482391357422,0.8988005518913269
ORD0094670,20.728248596191406,0.871578574180603
ORD0094671,18.5069522857666,0.0914352536201477
ORD0094672,17.75768280029297,0.10764671862125397
ORD0094673,13.36585807800293,0.291103333234787
ORD0094674,11.447803497314453,0.4552582800388336
ORD0094675,29.585437774658203,0.9014816880226135
ORD0094676,22.0838565826416,0.2639159560203552
ORD0094677,20.33882713317871,0.9877555966377258
ORD0094678,128.6082305908203,0.18924662470817566
ORD0094679,19.40062713623047,0.0010456094751134515
ORD0094680,14.017364501953125,0.0003992779820691794
ORD0094681,16.207332611083984,0.0035255569964647293
ORD0094682,21.04485511779785,0.0010502462973818183
ORD0094683,55.18060302734375,0.24389050900936127
ORD0094684,38.61400604248047,0.0020843667443841696
ORD0094685,30.31838607788086,0.9353150725364685
ORD0094686,28.485031127929688,0.02797583118081093
ORD0094687,13.31663703918457,0.9695296287536621
ORD0094688,13.100101470947266,0.9985217452049255
ORD0094689,12.901973724365234,0.9962179064750671
ORD0094690,19.46116828918457,0.9978932738304138
ORD0094691,16.446704864501953,0.9853611588478088
ORD0094692,14.80648422241211,0.00027953056269325316
ORD0094693,10.499950408935547,0.03784438967704773
ORD0094694,18.29999351501465,0.811120331287384
ORD0094695,14.591054916381836,0.0012115556746721268
ORD0094696,23.39640998840332,0.9750466346740723
ORD0094697,22.257022857666016,0.04451604187488556
ORD0094698,26.981998443603516,0.9958119988441467
ORD0094699,32.56346893310547,0.9756330251693726
ORD0094700,10.791015625,0.000758863112423569
ORD0094701,10.303467750549316,0.00018675495812203735
ORD0094702,10.61209774017334,0.0007168978336267173
ORD0094703,19.464941024780273,0.005533689633011818
ORD0094704,19.26186752319336,0.0003544529026839882
ORD0094705,25.409393310546875,0.9987922310829163
ORD0094706,21.135746002197266,0.9994449019432068
ORD0094707,15.818215370178223,0.9680230617523193
ORD0094708,17.712862014770508,0.34103256464004517
ORD0094709,12.942479133605957,0.0004395958094391972
ORD0094710,20.284278869628906,0.0007327320636250079
ORD0094711,26.721878051757812,0.9968541264533997
ORD0094712,17.60958480834961,0.01578013226389885
ORD0094713,15.114160537719727,0.36093655228614807
ORD0094714,12.923940658569336,0.003562717232853174
ORD0094715,27.78478240966797,0.0026236569974571466
ORD0094716,20.6048526763916,0.0007849875837564468
ORD0094717,14.166546821594238,0.7334939241409302
ORD0094718,11.37086009979248,0.03242098167538643
ORD0094719,16.504623413085938,0.9490496516227722
ORD0094720,14.903318405151367,0.2697393596172333
ORD0094721,32.198814392089844,0.9893039464950562
ORD0094722,19.847835540771484,0.9982122182846069
ORD0094723,24.451276779174805,0.3617817163467407
ORD0094724,30.705425262451172,0.10667739063501358
ORD0094725,40.04212951660156,0.017000840976834297
ORD0094726,13.863525390625,0.9927480816841125
ORD0094727,13.966866493225098,0.8775618076324463
ORD0094728,14.37549877166748,0.0013842572225257754
ORD0094729,17.27899169921875,0.0013327156193554401
ORD0094730,25.65582275390625,0.014657607302069664
ORD0094731,21.455158233642578,0.004380009137094021
ORD0094732,15.71511459350586,0.0007383869960904121
ORD0094733,14.64834976196289,0.0008853217586874962
ORD0094734,27.437923431396484,0.3643726706504822
ORD0094735,19.286836624145508,0.0015260217478498816
ORD0094736,16.0810546875,0.96934974193573
ORD0094737,12.705957412719727,0.08165939152240753
ORD0094738,24.380630493164062,0.9934862852096558
ORD0094739,20.00873374938965,0.7054441571235657
ORD0094740,10.976192474365234,0.009030249901115894
ORD0094741,10.184600830078125,0.0023638715501874685
ORD0094742,15.330519676208496,0.035570330917835236
ORD0094743,18.734359741210938,0.3768048882484436
ORD0094744,30.31359100341797,0.0013209254248067737
ORD0094745,23.125934600830078,0.000996716902591288
ORD0094746,17.545597076416016,0.7866882681846619
ORD0094747,19.03984832763672,0.00376724055968225
ORD0094748,19.352462768554688,0.04794701188802719
ORD0094749,15.622774124145508,0.0033396880608052015
ORD0094750,28.29561424255371,0.0009720951202325523
ORD0094751,25.584190368652344,0.002693561837077141
ORD0094752,26.75733184814453,0.0024433124344795942
ORD0094753,17.31743621826172,0.011810359545052052
ORD0094754,16.217065811157227,0.004047696478664875
ORD0094755,16.395936965942383,0.0017949749017134309
ORD0094756,15.128660202026367,0.0017961370758712292
ORD0094757,14.517141342163086,0.055953674018383026
ORD0094758,16.815237045288086,0.9960298538208008
ORD0094759,14.47433090209961,0.8949432373046875
ORD0094760,20.617671966552734,0.9867165088653564
ORD0094761,24.361042022705078,0.6117728352546692
ORD0094762,14.886444091796875,0.7335681319236755
ORD0094763,16.303733825683594,0.9986403584480286
ORD0094764,12.342693328857422,0.987057626247406
ORD0094765,18.42816925048828,0.9992802739143372
ORD0094766,14.454580307006836,0.995593249797821
ORD0094767,9.660758972167969,0.029997749254107475
ORD0094768,13.404573440551758,0.18082492053508759
ORD0094769,14.959247589111328,0.18806838989257812
ORD0094770,11.985617637634277,0.5477520823478699
ORD0094771,11.657502174377441,0.8337252736091614
ORD0094772,13.094538688659668,0.0006684911204501987
ORD0094773,13.210323333740234,0.8283960819244385
ORD0094774,14.741771697998047,0.9899170994758606
ORD0094775,12.636885643005371,0.002143286867067218
ORD0094776,13.106813430786133,0.002385644940659404
ORD0094777,14.690469741821289,0.993375837802887
ORD0094778,9.995182037353516,0.0005007059080526233
ORD0094779,8.821744918823242,0.01596732996404171
ORD0094780,11.46630859375,0.0031790754292160273
ORD0094781,11.115997314453125,0.011315886862576008
ORD0094782,14.989044189453125,0.9979813694953918
ORD0094783,11.375529289245605,0.03523939847946167
ORD0094784,13.858888626098633,0.9969209432601929
ORD0094785,12.263734817504883,0.311633437871933
ORD0094786,15.9619779586792,0.033448103815317154
ORD0094787,29.162837982177734,0.01035766676068306
ORD0094788,13.634557723999023,0.5750141739845276
ORD0094789,15.556352615356445,0.04040578007698059
ORD0094790,18.170299530029297,0.975124180316925
ORD0094791,14.539836883544922,0.21511955559253693
ORD0094792,22.43802833557129,0.0073747215792536736
ORD0094793,20.4100399017334,0.0020607411861419678
ORD0094794,22.47937774658203,0.23026840388774872
ORD0094795,25.93291473388672,0.01697430945932865
ORD0094796,24.327402114868164,0.956799328327179
ORD0094797,21.455381393432617,0.24675337970256805
ORD0094798,14.388607025146484,0.0005597522831521928
ORD0094799,13.298563003540039,0.0003399655397515744
ORD0094800,23.77760887145996,0.9968363046646118
ORD0094801,20.326648712158203,0.9186641573905945
ORD0094802,18.502954483032227,0.004470991902053356
ORD0094803,17.334388732910156,0.00109814980532974
ORD0094804,24.836822509765625,0.48981791734695435
ORD0094805,15.50632095336914,0.45078396797180176
ORD0094806,10.291647911071777,0.05542200431227684
ORD0094807,9.505465507507324,0.07880818098783493
ORD0094808,14.630324363708496,0.8595374226570129
ORD0094809,15.789377212524414,0.8589504361152649
ORD0094810,24.044361114501953,0.9862446188926697
ORD0094811,21.53084945678711,0.21966956555843353
ORD0094812,15.581095695495605,0.29482170939445496
ORD0094813,36.32359313964844,0.027137424796819687
ORD0094814,16.214130401611328,0.7110807299613953
ORD0094815,11.287942886352539,0.3847247064113617
ORD0094816,17.561487197875977,0.9519191980361938
ORD0094817,21.457372665405273,0.21865062415599823
ORD0094818,21.536928176879883,0.19429990649223328
ORD0094819,18.876474380493164,0.2795845568180084
ORD0094820,19.765335083007812,0.1803104132413864
ORD0094821,18.19999885559082,0.81464022397995
ORD0094822,18.508298873901367,0.48775628209114075
ORD0094823,45.755069732666016,0.9924305081367493
ORD0094824,47.99311065673828,0.9883882403373718
ORD0094825,24.63785171508789,0.9978138208389282
ORD0094826,10.066685676574707,0.00012917957792524248
ORD0094827,9.42636775970459,0.00025952912983484566
ORD0094828,14.072097778320312,0.00020836092880927026
ORD0094829,14.134547233581543,0.0004559700028039515
ORD0094830,16.04776954650879,0.0007357154972851276
ORD0094831,27.870864868164062,0.0024272752925753593
ORD0094832,23.7838134765625,0.0041503761895000935
ORD0094833,24.892013549804688,0.020070377737283707
ORD0094834,22.982036590576172,0.029637880623340607
ORD0094835,10.144718170166016,0.0001570182794239372
ORD0094836,7.249153137207031,0.0007666953024454415
ORD0094837,11.625297546386719,0.00047908572014421225
ORD0094838,21.276714324951172,0.00012989970855414867
ORD0094839,21.015771865844727,0.0002206389617640525
ORD0094840,18.56133270263672,0.3402881920337677
ORD0094841,19.425931930541992,0.6440793871879578
ORD0094842,13.527473449707031,0.005985482595860958
ORD0094843,11.756402969360352,0.8372677564620972
ORD0094844,18.325939178466797,0.0008898281375877559
ORD0094845,18.688840866088867,0.05341514199972153
ORD0094846,27.00003433227539,0.9952424764633179
ORD0094847,13.30534839630127,0.0004013188008684665
ORD0094848,13.67745590209961,0.00022221308609005064
ORD0094849,12.781323432922363,0.0015758804511278868
ORD0094850,20.378925323486328,0.0001541842066217214
ORD0094851,18.02554702758789,0.00016461402992717922
ORD0094852,9.863914489746094,0.0046142651699483395
ORD0094853,15.166036605834961,0.004137581679970026
ORD0094854,13.278249740600586,0.00046925776405259967
ORD0094855,18.68388557434082,0.11112290620803833
ORD0094856,22.024961471557617,0.0027678287588059902
ORD0094857,15.192597389221191,0.7764572501182556
ORD0094858,14.539319038391113,0.017448892816901207
ORD0094859,23.573650360107422,0.0007057551993057132
ORD0094860,12.786158561706543,0.9730928540229797
ORD0094861,10.02688217163086,0.0960957333445549
ORD0094862,17.229148864746094,0.0003297626390121877
ORD0094863,23.20679473876953,0.005731920246034861
ORD0094864,20.70615577697754,0.00028026814106851816
ORD0094865,12.971109390258789,0.0005440384848043323
ORD0094866,20.72999382019043,0.17566286027431488
ORD0094867,19.289993286132812,0.0014887904981151223
ORD0094868,19.431354522705078,0.0008080062689259648
ORD0094869,23.590444564819336,0.0003172410069964826
ORD0094870,15.883338928222656,0.9067262411117554
ORD0094871,11.032806396484375,0.007395337335765362
ORD0094872,19.708269119262695,0.9877684712409973
ORD0094873,17.998350143432617,0.08549996465444565
ORD0094874,10.258777618408203,0.005011729430407286
ORD0094875,26.68115997314453,0.0005593293462879956
ORD0094876,22.530344009399414,0.0006302182446233928
ORD0094877,14.760379791259766,0.9545736312866211
ORD0094878,14.937883377075195,0.24500389397144318
ORD0094879,15.867594718933105,0.9800435304641724
ORD0094880,14.840009689331055,0.7284879684448242
ORD0094881,31.013668060302734,0.24745477735996246
ORD0094882,17.079214096069336,0.9921101927757263
ORD0094883,17.157466888427734,0.9154107570648193
ORD0094884,30.840803146362305,0.7135136723518372
ORD0094885,27.53451919555664,0.20770779252052307
ORD0094886,20.57154655456543,0.961254358291626
ORD0094887,19.84895896911621,0.001260534394532442
ORD0094888,27.731834411621094,0.8469215631484985
ORD0094889,13.090239524841309,0.0027243788354098797
ORD0094890,14.276805877685547,0.0009093345142900944
ORD0094891,14.733369827270508,0.5013025403022766
ORD0094892,14.645573616027832,0.011849953792989254
ORD0094893,16.610525131225586,0.9425965547561646
ORD0094894,10.132767677307129,0.008015996776521206
ORD0094895,15.206068992614746,0.006928145419806242
ORD0094896,14.436223983764648,0.8980945348739624
ORD0094897,11.555078506469727,0.05541626363992691
ORD0094898,10.422525405883789,0.0017093835631385446
ORD0094899,12.402389526367188,0.1835499256849289
ORD0094900,11.200736999511719,0.0029410908464342356
ORD0094901,9.328030586242676,0.010176144540309906
ORD0094902,7.109402656555176,0.01258557103574276
ORD0094903,14.34507942199707,0.022967347875237465
ORD0094904,11.124037742614746,0.04139960929751396
ORD0094905,10.882207870483398,0.10709740221500397
ORD0094906,10.288907051086426,0.2925219237804413
ORD0094907,13.684028625488281,0.03248455375432968
ORD0094908,12.036437034606934,0.0005536354728974402
ORD0094909,11.331103324890137,0.00048480837722308934
ORD0094910,11.827898025512695,0.17054235935211182
ORD0094911,11.854612350463867,0.0031244445126503706
ORD0094912,8.093316078186035,0.0005880076787434518
ORD0094913,8.250683784484863,0.000790389662142843
ORD0094914,12.50271987915039,0.8630365133285522
ORD0094915,10.892204284667969,0.9911690950393677
ORD0094916,14.136148452758789,0.9928593635559082
ORD0094917,11.254451751708984,0.012072190642356873
ORD0094918,11.37982177734375,0.003004558850079775
ORD0094919,16.72421646118164,0.9729906916618347
ORD0094920,21.982391357421875,0.6912825703620911
ORD0094921,27.26468276977539,0.7131242752075195
ORD0094922,12.571126937866211,0.9980258941650391
ORD0094923,15.484481811523438,0.9856627583503723
ORD0094924,17.112192153930664,0.9991987347602844
ORD0094925,13.901718139648438,0.9978067278862
ORD0094926,21.127660751342773,0.0005336768226698041
ORD0094927,21.091217041015625,0.12296893447637558
ORD0094928,20.93923568725586,0.002874781144782901
ORD0094929,19.54109001159668,0.04345359653234482
ORD0094930,23.230844497680664,0.8481639623641968
ORD0094931,14.331463813781738,0.0001694083184702322
ORD0094932,10.867565155029297,0.0009931164095178246
ORD0094933,21.573150634765625,0.8648818135261536
ORD0094934,17.478172302246094,0.0002970743225887418
ORD0094935,14.354715347290039,0.01740289479494095
ORD0094936,85.95054626464844,0.00031816388946026564
ORD0094937,24.74764633178711,0.00024106841010507196
ORD0094938,18.207538604736328,0.9843263030052185
ORD0094939,13.809896469116211,0.8654722571372986
ORD0094940,9.991393089294434,0.5639281868934631
ORD0094941,18.533111572265625,0.9946537017822266
ORD0094942,26.057830810546875,0.9983476400375366
ORD0094943,18.470914840698242,0.9448909759521484
ORD0094944,14.989864349365234,0.8564746975898743
ORD0094945,12.44044017791748,0.2169313281774521
ORD0094946,12.531558990478516,0.5985295176506042
ORD0094947,12.120416641235352,0.4389721155166626
ORD0094948,11.033975601196289,0.0487036295235157
ORD0094949,19.336353302001953,0.2068115621805191
ORD0094950,16.1433048248291,0.47070178389549255
ORD0094951,12.906597137451172,0.900934636592865
ORD0094952,36.044090270996094,0.07154346257448196
ORD0094953,19.344213485717773,0.0004985624691471457
ORD0094954,14.034160614013672,0.0010077878832817078
ORD0094955,15.863850593566895,0.0015756140928715467
ORD0094956,40.118202209472656,0.004227171652019024
ORD0094957,28.647857666015625,0.0020324895158410072
ORD0094958,20.71891975402832,0.0925084576010704
ORD0094959,25.602298736572266,0.02255859039723873
ORD0094960,9.911782264709473,0.003167140996083617
ORD0094961,10.045376777648926,0.06520279496908188
ORD0094962,10.031367301940918,0.34004002809524536
ORD0094963,10.276735305786133,0.24282142519950867
ORD0094964,13.7040433883667,0.10679755359888077
ORD0094965,13.695862770080566,0.00258438172750175
ORD0094966,10.660099983215332,0.00019348786736372858
ORD0094967,18.408540725708008,0.0653630867600441
ORD0094968,16.58557891845703,0.000270874792477116
ORD0094969,23.719003677368164,0.5743367671966553
ORD0094970,9.323892593383789,8.164278551703319e-05
ORD0094971,8.791033744812012,0.0034735845401883125
ORD0094972,10.012260437011719,0.0007189349853433669
ORD0094973,9.024136543273926,0.00017411498993169516
ORD0094974,22.328062057495117,0.00010567314166110009
ORD0094975,17.459688186645508,0.12302238494157791
ORD0094976,18.028865814208984,0.9636902809143066
ORD0094977,15.168837547302246,0.04122644662857056
ORD0094978,12.283035278320312,0.9796068072319031
ORD0094979,13.487529754638672,0.9167571067810059
ORD0094980,16.65015411376953,0.00025852079852484167
ORD0094981,15.32918930053711,0.00019118576892651618
ORD0094982,49.41669464111328,0.009290501475334167
ORD0094983,52.2225456237793,0.0019272196805104613
ORD0094984,63.526885986328125,0.000978713622316718
ORD0094985,11.756808280944824,0.00035095782368443906
ORD0094986,12.05245590209961,0.00014970700431149453
ORD0094987,11.92710018157959,0.0019404542399570346
ORD0094988,9.317729949951172,0.00025690303300507367
ORD0094989,20.344593048095703,0.00024095075787045062
ORD0094990,20.447423934936523,0.00017278478480875492
ORD0094991,11.612309455871582,0.009133539162576199
ORD0094992,8.600350379943848,0.0013427274534478784
ORD0094993,14.078852653503418,0.12183136492967606
ORD0094994,11.947259902954102,0.009501922875642776
ORD0094995,21.773353576660156,0.8401665091514587
ORD0094996,21.3797664642334,0.2506055235862732
ORD0094997,17.6777286529541,0.9908413887023926
ORD0094998,14.93027114868164,0.9164114594459534
ORD0094999,25.969024658203125,0.002162352902814746
ORD0095000,32.16853713989258,0.0009597501484677196
ORD0095001,11.766613006591797,0.9913071990013123
ORD0095002,10.743781089782715,0.0008542955038137734
ORD0095003,12.89809513092041,0.00033396101207472384
ORD0095004,26.31719970703125,0.01696992665529251
ORD0095005,20.753759384155273,0.018637001514434814
ORD0095006,15.481202125549316,0.0005941814160905778
ORD0095007,12.996421813964844,0.0005851879250258207
ORD0095008,18.634403228759766,0.7639161348342896
ORD0095009,19.3345890045166,0.7594479918479919
ORD0095010,16.338756561279297,0.0016670433105900884
ORD0095011,16.05294418334961,0.001969438511878252
ORD0095012,17.02363395690918,0.9814403057098389
ORD0095013,10.816839218139648,0.9703466296195984
ORD0095014,17.898990631103516,0.9845762252807617
ORD0095015,19.462753295898438,0.9820998907089233
ORD0095016,9.684218406677246,0.022583438083529472
ORD0095017,8.445531845092773,0.02372186817228794
ORD0095018,40.895896911621094,0.0003082907642237842
ORD0095019,13.219170570373535,0.0050373082049191
ORD0095020,14.707269668579102,0.0015742285177111626
ORD0095021,15.672493934631348,0.023924553766846657
ORD0095022,13.307050704956055,0.0048270137049257755
ORD0095023,28.49358367919922,0.0009898347780108452
ORD0095024,20.742294311523438,0.0005383025854825974
ORD0095025,14.612253189086914,0.17620010673999786
ORD0095026,18.405780792236328,0.0011587003245949745
ORD0095027,17.452556610107422,0.007296029478311539
ORD0095028,13.448476791381836,0.0016993458848446608
ORD0095029,18.685192108154297,0.006997318007051945
ORD0095030,18.66568374633789,0.0006874811952002347
ORD0095031,13.268306732177734,0.028805194422602654
ORD0095032,14.717714309692383,0.0015605600783601403
ORD0095033,14.13113021850586,0.004181729629635811
ORD0095034,11.694612503051758,0.0008591286023147404
ORD0095035,14.53894329071045,0.3500845730304718
ORD0095036,8.99614429473877,0.003337695263326168
ORD0095037,8.71517562866211,0.32180944085121155
ORD0095038,9.778326034545898,0.05559082701802254
ORD0095039,15.211603164672852,0.03693345561623573
ORD0095040,14.899880409240723,0.01820763573050499
ORD0095041,12.774360656738281,0.015265011228621006
ORD0095042,11.702253341674805,0.009922763332724571
ORD0095043,8.834015846252441,0.0011341058416292071
ORD0095044,7.659546852111816,0.0009565915097482502
ORD0095045,10.893793106079102,0.7578051686286926
ORD0095046,9.170292854309082,0.45253807306289673
ORD0095047,8.227155685424805,0.23656664788722992
ORD0095048,9.063755989074707,0.8619515299797058
ORD0095049,11.961071014404297,0.6873683929443359
ORD0095050,11.470781326293945,0.9551040530204773
ORD0095051,12.804312705993652,0.9792931079864502
ORD0095052,9.2268705368042,0.0002545824972912669
ORD0095053,9.686612129211426,0.00010691885836422443
ORD0095054,8.519255638122559,0.0004298451531212777
ORD0095055,8.525558471679688,0.0001046724573825486
ORD0095056,6.911994934082031,9.522303298581392e-05
ORD0095057,6.503460884094238,8.913208148442209e-05
ORD0095058,8.72864055633545,0.001385180396027863
ORD0095059,8.564770698547363,0.00014246051432564855
ORD0095060,7.866176605224609,0.005491068586707115
ORD0095061,7.328133583068848,0.00036166294012218714
ORD0095062,10.178142547607422,0.050167016685009
ORD0095063,8.923776626586914,9.74176000454463e-05
ORD0095064,8.307281494140625,9.139380563283339e-05
ORD0095065,11.833365440368652,0.0008535765809938312
ORD0095066,14.593019485473633,0.023097902536392212
ORD0095067,18.28000831604004,0.0009817343670874834
ORD0095068,21.34612274169922,0.013666575774550438
ORD0095069,8.395812034606934,0.02941795065999031
ORD0095070,9.771862983703613,0.6313360333442688
ORD0095071,16.883373260498047,0.34395521879196167
ORD0095072,20.213119506835938,0.0008575430838391185
ORD0095073,16.75563621520996,0.006966503337025642
ORD0095074,19.932308197021484,0.06451902538537979
ORD0095075,20.798864364624023,0.2934900224208832
ORD0095076,20.464996337890625,0.570688009262085
ORD0095077,11.210652351379395,0.00018925400217995048
ORD0095078,10.541923522949219,0.011261113919317722
ORD0095079,18.96975326538086,0.9701753854751587
ORD0095080,17.273157119750977,0.9882021546363831
ORD0095081,10.647650718688965,0.00047965600970201194
ORD0095082,15.464877128601074,0.1201629489660263
ORD0095083,14.276817321777344,0.15641428530216217
ORD0095084,7.141340255737305,0.02271171659231186
ORD0095085,6.932839393615723,0.023136161267757416
ORD0095086,11.465998649597168,0.2670656740665436
ORD0095087,10.377754211425781,0.4555509388446808
ORD0095088,21.179935455322266,0.6720942854881287
ORD0095089,18.3405818939209,0.8978214263916016
ORD0095090,11.29277515411377,0.05625712499022484
ORD0095091,9.803505897521973,0.08967342972755432
ORD0095092,10.82141399383545,0.13715147972106934
ORD0095093,10.160104751586914,0.264428973197937
ORD0095094,19.43780517578125,0.4082123935222626
ORD0095095,15.42784595489502,0.16092562675476074
ORD0095096,14.909449577331543,0.8303083777427673
ORD0095097,13.205974578857422,0.28820905089378357
ORD0095098,14.849400520324707,0.04175393655896187
ORD0095099,12.666135787963867,0.9274808764457703
ORD0095100,15.930105209350586,0.17543043196201324
ORD0095101,35.174659729003906,0.6026601195335388
ORD0095102,17.33751106262207,0.9260531663894653
ORD0095103,10.183494567871094,9.161062916973606e-05
ORD0095104,10.245916366577148,0.00012723651889245957
ORD0095105,9.537592887878418,0.0001358815497951582
ORD0095106,13.465696334838867,0.00013321331061888486
ORD0095107,12.626419067382812,0.0001689015480224043
ORD0095108,14.382099151611328,0.0001151554097305052
ORD0095109,13.211660385131836,0.5810276865959167
ORD0095110,14.164783477783203,0.0010781134478747845
ORD0095111,14.715774536132812,0.00013767144992016256
ORD0095112,20.534229278564453,0.04428652673959732
ORD0095113,27.28081512451172,0.493283748626709
ORD0095114,15.118753433227539,0.00107297720387578
ORD0095115,11.755403518676758,0.0001628980244277045
ORD0095116,10.710319519042969,0.005757385399192572
ORD0095117,21.383779525756836,0.00033319552312605083
ORD0095118,19.835100173950195,0.9722245335578918
ORD0095119,16.678861618041992,0.6556078791618347
ORD0095120,17.12025260925293,0.998405396938324
ORD0095121,13.965076446533203,0.9806814789772034
ORD0095122,16.35531234741211,0.0007047712570056319
ORD0095123,13.706243515014648,9.144034993369132e-05
ORD0095124,17.083290100097656,0.0004661477287299931
ORD0095125,25.184091567993164,0.9926034808158875
ORD0095126,13.757712364196777,0.00017387373372912407
ORD0095127,12.081923484802246,9.889381908578798e-05
ORD0095128,14.400320053100586,0.0008980266284197569
ORD0095129,17.803211212158203,0.0001593990600667894
ORD0095130,13.788625717163086,0.004391171038150787
ORD0095131,10.458964347839355,0.0002167043276131153
ORD0095132,12.751481056213379,0.0003792050410993397
ORD0095133,21.19292449951172,0.09600375592708588
ORD0095134,18.277191162109375,0.8501352667808533
ORD0095135,14.354833602905273,0.0006613601581193507
ORD0095136,27.370710372924805,0.0005925221485085785
ORD0095137,35.60063552856445,0.00010108674177899957
ORD0095138,12.564308166503906,0.9865849018096924
ORD0095139,11.426580429077148,0.0017986790044233203
ORD0095140,12.662324905395508,0.00016424119530711323
ORD0095141,61.42621994018555,0.0007807166548445821
ORD0095142,40.250797271728516,0.024004550650715828
ORD0095143,20.509733200073242,0.0002742493525147438
ORD0095144,23.203025817871094,0.0010168158914893866
ORD0095145,18.045080184936523,0.011573036201298237
ORD0095146,14.361968994140625,0.0004404733481351286
ORD0095147,12.81039810180664,0.014998522587120533
ORD0095148,23.345951080322266,0.033563632518053055
ORD0095149,18.972335815429688,0.5032956600189209
ORD0095150,17.530719757080078,0.0006448018830269575
ORD0095151,13.403657913208008,0.5275469422340393
ORD0095152,21.393526077270508,0.9423231482505798
ORD0095153,10.306939125061035,0.0023913271725177765
ORD0095154,13.378538131713867,0.010330687277019024
ORD0095155,13.786320686340332,0.005279961042106152
ORD0095156,14.449552536010742,0.045075319707393646
ORD0095157,13.643148422241211,0.014205561019480228
ORD0095158,29.87022590637207,0.0008661484462209046
ORD0095159,23.329967498779297,0.0007359380833804607
ORD0095160,16.689579010009766,0.29132983088493347
ORD0095161,15.224552154541016,0.12038088589906693
ORD0095162,20.260713577270508,0.0029964351560920477
ORD0095163,19.862001419067383,0.0015197477769106627
ORD0095164,19.429738998413086,0.017400676384568214
ORD0095165,13.894105911254883,0.004127104766666889
ORD0095166,19.042268753051758,0.0010418251622468233
ORD0095167,12.180824279785156,0.0011250628158450127
ORD0095168,15.124220848083496,0.0009321869001723826
ORD0095169,12.582403182983398,0.0034619520884007215
ORD0095170,10.749286651611328,0.020130429416894913
ORD0095171,16.35950469970703,0.009123067371547222
ORD0095172,14.165613174438477,0.933409571647644
ORD0095173,11.779483795166016,0.061232052743434906
ORD0095174,12.806041717529297,0.11129872500896454
ORD0095175,8.833385467529297,0.26935213804244995
ORD0095176,15.364997863769531,0.5118841528892517
ORD0095177,10.706464767456055,0.8233474493026733
ORD0095178,7.278878211975098,0.06272803246974945
ORD0095179,7.062002182006836,0.16126491129398346
ORD0095180,16.41741943359375,0.2829536199569702
ORD0095181,11.307676315307617,0.7970970869064331
ORD0095182,10.355086326599121,0.7697666883468628
ORD0095183,12.768646240234375,0.0002478855021763593
ORD0095184,11.120098114013672,9.924723417498171e-05
ORD0095185,10.954835891723633,0.00010720410500653088
ORD0095186,10.004003524780273,0.0004408850218169391
ORD0095187,8.3510103225708,8.870389137882739e-05
ORD0095188,10.5861177444458,0.001090978505089879
ORD0095189,10.426942825317383,0.00011590673966566101
ORD0095190,9.069564819335938,0.007928900420665741
ORD0095191,9.174495697021484,0.00017596707039047033
ORD0095192,13.522895812988281,0.04977748543024063
ORD0095193,10.17060661315918,0.0002721670316532254
ORD0095194,10.31220817565918,0.00012065423652529716
ORD0095195,10.9205904006958,8.155361865647137e-05
ORD0095196,15.193946838378906,0.0004477885668165982
ORD0095197,16.371658325195312,0.8977597951889038
ORD0095198,25.965524673461914,0.00026904683909378946
ORD0095199,27.29047393798828,0.8118083477020264
ORD0095200,10.314388275146484,0.005926533602178097
ORD0095201,16.802400588989258,0.06606493145227432
ORD0095202,14.831960678100586,0.9896061420440674
ORD0095203,35.942806243896484,0.000501293980050832
ORD0095204,126.3811264038086,0.003662088420242071
ORD0095205,19.845849990844727,0.0023170809727162123
ORD0095206,18.84029769897461,0.08014316111803055
ORD0095207,19.48632049560547,0.017175132408738136
ORD0095208,23.66445541381836,0.8751386404037476
ORD0095209,12.077451705932617,0.000532337639015168
ORD0095210,11.196863174438477,0.0005174603429622948
ORD0095211,21.729671478271484,0.9911721348762512
ORD0095212,18.948867797851562,0.7347652912139893
ORD0095213,14.571355819702148,0.0022745467722415924
ORD0095214,17.0926570892334,0.004623145796358585
ORD0095215,17.285324096679688,0.24090702831745148
ORD0095216,16.602293014526367,0.05101583153009415
ORD0095217,10.062649726867676,0.03761261701583862
ORD0095218,8.652774810791016,0.018502943217754364
ORD0095219,13.357812881469727,0.5396899580955505
ORD0095220,10.208305358886719,0.1283341348171234
ORD0095221,24.72486114501953,0.9041070342063904
ORD0095222,17.206220626831055,0.5042747259140015
ORD0095223,14.807853698730469,0.10556459426879883
ORD0095224,13.646413803100586,0.43130332231521606
ORD0095225,11.58154582977295,0.0991869643330574
ORD0095226,13.565597534179688,0.8344016075134277
ORD0095227,10.834768295288086,0.10865233838558197
ORD0095228,18.84809112548828,0.1622927486896515
ORD0095229,15.992409706115723,0.20615623891353607
ORD0095230,15.97645092010498,0.37166598439216614
ORD0095231,13.646698951721191,0.35298866033554077
ORD0095232,62.27473449707031,0.15301328897476196
ORD0095233,20.904376983642578,0.060418687760829926
ORD0095234,15.29305648803711,0.9756495952606201
ORD0095235,15.472143173217773,0.3810749053955078
ORD0095236,21.069515228271484,0.995153546333313
ORD0095237,56.03628921508789,0.9409471750259399
ORD0095238,26.197933197021484,0.9929021000862122
ORD0095239,26.48917579650879,0.9983275532722473
ORD0095240,33.25769805908203,0.02992890402674675
ORD0095241,13.439078330993652,0.17641133069992065
ORD0095242,12.587898254394531,0.0006467457860708237
ORD0095243,14.222471237182617,0.9934980869293213
ORD0095244,11.213419914245605,0.004955384414643049
ORD0095245,18.45566177368164,0.9776946306228638
ORD0095246,16.320270538330078,0.001340961898677051
ORD0095247,17.325702667236328,0.0814678892493248
ORD0095248,15.986637115478516,0.7224300503730774
ORD0095249,21.28689193725586,0.6790059804916382
ORD0095250,15.774255752563477,0.025866564363241196
ORD0095251,29.651500701904297,0.9947372078895569
ORD0095252,22.68501853942871,0.9879656434059143
ORD0095253,37.531463623046875,0.9980999827384949
ORD0095254,12.96051025390625,0.00056849216343835
ORD0095255,11.298274993896484,0.0005971820210106671
ORD0095256,14.519575119018555,0.979202926158905
ORD0095257,12.80579948425293,0.2563060224056244
ORD0095258,24.249643325805664,0.00250858161598444
ORD0095259,19.177467346191406,0.0015568466624245048
ORD0095260,23.282554626464844,0.9827265739440918
ORD0095261,24.84029769897461,0.998117208480835
ORD0095262,19.32236671447754,0.9974400997161865
ORD0095263,24.133634567260742,0.03414476290345192
ORD0095264,16.062416076660156,0.007741535548120737
ORD0095265,25.35740852355957,0.9991779923439026
ORD0095266,25.196962356567383,0.9992331266403198
ORD0095267,67.17233276367188,0.0655680000782013
ORD0095268,82.05741119384766,0.9982117414474487
ORD0095269,50.81647491455078,0.02998422086238861
ORD0095270,66.14934539794922,0.010764552280306816
ORD0095271,27.812488555908203,0.005770271643996239
ORD0095272,49.30636978149414,0.0021984430495649576
ORD0095273,18.27991485595703,0.00021821375412400812
ORD0095274,14.183448791503906,0.0024940702132880688
ORD0095275,16.418867111206055,0.0008126872126013041
ORD0095276,16.279544830322266,0.10603340715169907
ORD0095277,25.040002822875977,0.0001502117665950209
ORD0095278,19.31834602355957,0.0004186862788628787
ORD0095279,12.051206588745117,0.006434754468500614
ORD0095280,15.76420783996582,0.006748804356902838
ORD0095281,28.749794006347656,0.4730376899242401
ORD0095282,24.046125411987305,0.6891299486160278
ORD0095283,19.592138290405273,0.9805518388748169
ORD0095284,33.782867431640625,0.003059452399611473
ORD0095285,13.056049346923828,0.18018975853919983
ORD0095286,19.815710067749023,0.988468587398529
ORD0095287,17.91737937927246,0.0005804667598567903
ORD0095288,18.442838668823242,0.001579409814439714
ORD0095289,36.55358123779297,0.8591825366020203
ORD0095290,17.96405792236328,0.004519854672253132
ORD0095291,16.789522171020508,0.001824241247959435
ORD0095292,31.1428279876709,0.9928395748138428
ORD0095293,21.72962760925293,0.46810847520828247
ORD0095294,20.81085205078125,0.06604465842247009
ORD0095295,22.137903213500977,0.005390559323132038
ORD0095296,20.117238998413086,0.9979802966117859
ORD0095297,25.763580322265625,0.999085545539856
ORD0095298,22.35303497314453,0.9597433805465698
ORD0095299,13.328272819519043,0.8128524422645569
ORD0095300,12.46493911743164,0.08399637043476105
ORD0095301,19.166385650634766,0.6287899613380432
ORD0095302,16.840538024902344,0.029251808300614357
ORD0095303,21.975597381591797,0.9399755597114563
ORD0095304,16.838346481323242,0.14780761301517487
ORD0095305,31.86495590209961,0.003533261129632592
ORD0095306,26.7591552734375,0.0008129539783112705
ORD0095307,23.855205535888672,0.9907728433609009
ORD0095308,21.578664779663086,0.6935962438583374
ORD0095309,26.78994369506836,0.05217782035470009
ORD0095310,19.357255935668945,0.0032254219986498356
ORD0095311,18.640552520751953,0.3809773921966553
ORD0095312,17.097379684448242,0.022021057084202766
ORD0095313,25.899293899536133,0.003336169756948948
ORD0095314,25.6739501953125,0.0037070398684591055
ORD0095315,14.348878860473633,0.00421959487721324
ORD0095316,17.936023712158203,0.004646236542612314
ORD0095317,20.53368377685547,0.003426899667829275
ORD0095318,14.756185531616211,0.003817029995843768
ORD0095319,16.464481353759766,0.013617254793643951
ORD0095320,13.183666229248047,0.007956174202263355
ORD0095321,12.310378074645996,0.01806028001010418
ORD0095322,17.06607437133789,0.9144188761711121
ORD0095323,18.504362106323242,0.32204747200012207
ORD0095324,25.348949432373047,0.3630272448062897
ORD0095325,16.119726181030273,0.00776819558814168
ORD0095326,16.883113861083984,0.06995021551847458
ORD0095327,11.493204116821289,0.05395357683300972
ORD0095328,16.014060974121094,0.2467644363641739
ORD0095329,11.284345626831055,0.01772749423980713
ORD0095330,10.359894752502441,0.015433337539434433
ORD0095331,14.622910499572754,0.11143632978200912
ORD0095332,13.186537742614746,0.06187000870704651
ORD0095333,12.801100730895996,0.34898895025253296
ORD0095334,14.102669715881348,0.014796316623687744
ORD0095335,11.839649200439453,0.00029891362646594644
ORD0095336,12.867271423339844,0.00019526670803315938
ORD0095337,13.22987174987793,0.00014703319175168872
ORD0095338,12.575515747070312,0.08744093775749207
ORD0095339,12.838774681091309,0.0007904581725597382
ORD0095340,9.298872947692871,0.000393319787690416
ORD0095341,9.689988136291504,0.00013537806808017194
ORD0095342,12.966606140136719,0.7055661082267761
ORD0095343,11.734046936035156,0.005771924275904894
ORD0095344,13.206707000732422,0.9585004448890686
ORD0095345,11.90350341796875,0.05539155751466751
ORD0095346,14.625,0.9723281264305115
ORD0095347,13.39761734008789,0.3869915008544922
ORD0095348,11.143136978149414,0.002580920234322548
ORD0095349,14.832213401794434,0.00030762102687731385
ORD0095350,16.38240623474121,0.00017157742695417255
ORD0095351,21.96746253967285,0.0001843713253038004
ORD0095352,10.007914543151855,0.0013958631316199899
ORD0095353,18.112897872924805,0.008733004331588745
ORD0095354,14.426424980163574,0.0004012637073174119
ORD0095355,27.411684036254883,0.00051765056559816
ORD0095356,64.84394836425781,0.0016466861125081778
ORD0095357,50.391029357910156,0.00189413339830935
ORD0095358,58.47359085083008,0.0009655948961153626
ORD0095359,70.48865509033203,0.0006614237790927291
ORD0095360,99.13097381591797,0.7312546968460083
ORD0095361,45.50682830810547,0.0005723076174035668
ORD0095362,21.999141693115234,0.0004123009857721627
ORD0095363,23.064964294433594,0.00011483357229735702
ORD0095364,20.3231143951416,0.001779448357410729
ORD0095365,25.737009048461914,0.0003595384769141674
ORD0095366,22.696861267089844,0.0323764942586422
ORD0095367,15.429376602172852,0.00019914381846319884
ORD0095368,22.05951690673828,0.7451448440551758
ORD0095369,17.83426856994629,0.0013685477897524834
ORD0095370,15.598362922668457,0.0003152712306473404
ORD0095371,19.97783851623535,0.36580991744995117
ORD0095372,11.731821060180664,0.030348321422934532
ORD0095373,17.020526885986328,0.6309540867805481
ORD0095374,16.135282516479492,0.750594973564148
ORD0095375,25.825868606567383,0.9625571966171265
ORD0095376,29.85205841064453,0.9571676850318909
ORD0095377,15.188879013061523,0.15820854902267456
ORD0095378,15.844738006591797,0.43971240520477295
ORD0095379,15.650443077087402,0.5801677703857422
ORD0095380,13.97286605834961,0.2412148118019104
ORD0095381,17.068742752075195,0.9250792264938354
ORD0095382,14.874259948730469,0.5976499915122986
ORD0095383,24.543804168701172,0.35611411929130554
ORD0095384,17.385692596435547,0.5762426853179932
ORD0095385,14.387308120727539,0.4798576235771179
ORD0095386,20.087453842163086,0.0006648926064372063
ORD0095387,17.76703643798828,0.0039758202619850636
ORD0095388,20.24326515197754,0.00028443196788430214
ORD0095389,48.95362854003906,0.048560354858636856
ORD0095390,43.06262969970703,0.0005818860954605043
ORD0095391,24.588247299194336,0.6397804021835327
ORD0095392,25.414806365966797,0.0027599469758570194
ORD0095393,12.076311111450195,0.00035685920738615096
ORD0095394,12.084656715393066,0.00019970913126599044
ORD0095395,11.385994911193848,0.0038301125168800354
ORD0095396,10.513261795043945,0.0003670156584121287
ORD0095397,15.54779052734375,0.0014023027615621686
ORD0095398,15.306167602539062,0.00026239638100378215
ORD0095399,16.91204071044922,0.000733222346752882
ORD0095401,20.345964431762695,0.0011968845501542091
ORD0095402,18.6049747467041,0.4467383623123169
ORD0095403,30.006122589111328,0.004334651865065098
ORD0095404,37.49004364013672,0.06010487675666809
ORD0095405,26.957901000976562,0.9949631690979004
ORD0095406,14.269930839538574,0.0001362085749860853
ORD0095408,12.071369171142578,0.00042375604971311986
ORD0095409,11.824234008789062,0.0019816961139440536
ORD0095410,25.908615112304688,0.00020344443328212947
ORD0095411,24.057992935180664,0.032006844878196716
ORD0095412,19.008716583251953,0.445568710565567
ORD0095413,23.774293899536133,0.0005831745220348239
ORD0095414,16.796707153320312,0.033320240676403046
ORD0095415,29.37240219116211,0.9346421957015991
ORD0095416,103.8587646484375,0.0022988193668425083
ORD0095417,15.576142311096191,0.00015335986972786486
ORD0095418,16.07400894165039,0.0004820656613446772
ORD0095419,14.425115585327148,0.0009073733817785978
ORD0095420,24.40207862854004,0.00016302388394251466
ORD0095421,12.866365432739258,0.0017400981159880757
ORD0095422,10.549187660217285,0.0030625914223492146
ORD0095423,19.175020217895508,0.006106472574174404
ORD0095424,16.642200469970703,0.040144167840480804
ORD0095425,22.37818145751953,0.002175484783947468
ORD0095426,27.990528106689453,0.7376417517662048
ORD0095427,22.679969787597656,0.16737055778503418
ORD0095428,30.490982055664062,0.0005591976805590093
ORD0095429,35.46002197265625,0.000608297938015312
ORD0095430,18.718830108642578,0.8776808977127075
ORD0095431,14.971139907836914,0.00010248106991639361
ORD0095432,20.58112144470215,0.00018025712051894516
ORD0095433,22.421306610107422,0.0029628174379467964
ORD0095434,17.31208610534668,0.0003825208405032754
ORD0095435,28.389244079589844,0.11816760897636414
ORD0095436,23.126251220703125,0.0007566794520244002
ORD0095437,21.49151611328125,0.0005213161930441856
ORD0095438,17.47864532470703,0.8953825235366821
ORD0095439,12.455534934997559,0.00243528769351542
ORD0095440,23.22872543334961,0.9862056374549866
ORD0095441,11.291616439819336,0.003281394951045513
ORD0095442,13.758975982666016,0.0010829577222466469
ORD0095443,21.447933197021484,0.9925016164779663
ORD0095444,22.205955505371094,0.9960684776306152
ORD0095445,32.5123291015625,0.5252331495285034
ORD0095446,21.699617385864258,0.9968206882476807
ORD0095447,22.16299819946289,0.9947596192359924
ORD0095448,34.51698303222656,0.9217811226844788
ORD0095449,32.72286605834961,0.988905668258667
ORD0095450,27.35187530517578,0.9908573031425476
ORD0095451,83.72634887695312,0.9731523394584656
ORD0095452,57.5798225402832,0.27278539538383484
ORD0095453,35.26659393310547,0.13804908096790314
ORD0095454,17.826950073242188,0.41700369119644165
ORD0095455,18.193449020385742,0.000704137550201267
ORD0095456,18.381860733032227,0.02154875546693802
ORD0095457,15.348747253417969,0.8789323568344116
ORD0095458,16.17586898803711,0.0009051515371538699
ORD0095459,45.992218017578125,0.0016842593904584646
ORD0095460,16.49842643737793,0.29573407769203186
ORD0095461,12.783112525939941,0.3550802171230316
ORD0095462,18.806137084960938,0.037132468074560165
ORD0095463,19.951894760131836,0.033987462520599365
ORD0095464,17.72349739074707,0.011884868144989014
ORD0095465,18.36612892150879,0.011029080487787724
ORD0095466,11.961312294006348,0.0011828847927972674
ORD0095467,16.570560455322266,0.8448640704154968
ORD0095468,33.842254638671875,0.008035281673073769
ORD0095469,61.981300354003906,0.011967472732067108
ORD0095470,15.128923416137695,0.615534245967865
ORD0095471,17.26127052307129,0.9463812708854675
ORD0095472,20.635404586791992,0.9301113486289978
ORD0095473,14.693559646606445,0.9845083951950073
ORD0095474,14.069093704223633,0.00030953565146774054
ORD0095475,11.9434814453125,0.00031114398734644055
ORD0095476,11.84775161743164,0.0002205992059316486
ORD0095477,12.438236236572266,0.0001686073956079781
ORD0095478,11.629480361938477,0.0009925025515258312
ORD0095479,8.849685668945312,0.0001823090569814667
ORD0095480,11.290182113647461,0.00441485783085227
ORD0095481,11.87020206451416,0.0008661249303258955
ORD0095482,11.190818786621094,0.03869073465466499
ORD0095483,12.257561683654785,0.25926727056503296
ORD0095484,11.194209098815918,0.0027633639983832836
ORD0095485,10.645331382751465,0.00024763934197835624
ORD0095486,11.112878799438477,0.00019555048493202776
ORD0095487,17.234317779541016,0.0008647173526696861
ORD0095488,17.326520919799805,0.0015174500877037644
ORD0095489,26.16714859008789,0.0003117877640761435
ORD0095490,29.83161735534668,0.000507286109495908
ORD0095491,9.804673194885254,0.004850226454436779
ORD0095492,10.180267333984375,0.014290113002061844
ORD0095493,20.789499282836914,0.08611032366752625
ORD0095494,23.458425521850586,0.006652049720287323
ORD0095495,18.98624038696289,0.013341519981622696
ORD0095496,23.372055053710938,0.1754210740327835
ORD0095497,21.805404663085938,0.8616781830787659
ORD0095498,29.002227783203125,0.7838674783706665
ORD0095499,16.781810760498047,0.0004591236065607518
ORD0095500,23.39130401611328,0.985066294670105
ORD0095501,18.679590225219727,0.0016113166930153966
ORD0095502,18.198829650878906,0.0035850037820637226
ORD0095503,25.948339462280273,0.9524649381637573
ORD0095504,16.859914779663086,0.02461651712656021
ORD0095505,14.878414154052734,0.5683884620666504
ORD0095506,19.495662689208984,0.9883445501327515
ORD0095507,24.71175765991211,0.9969360828399658
ORD0095508,17.532852172851562,0.062422074377536774
ORD0095509,19.91534423828125,0.8130019903182983
ORD0095510,15.695941925048828,0.11010478436946869
ORD0095511,13.352278709411621,0.30465012788772583
ORD0095512,11.590095520019531,0.3691263198852539
ORD0095513,23.406845092773438,0.6444185972213745
ORD0095514,18.706932067871094,0.2821299731731415
ORD0095515,16.825939178466797,0.9344294667243958
ORD0095516,21.737171173095703,0.08157254010438919
ORD0095517,16.87575912475586,0.44640642404556274
ORD0095518,21.403039932250977,0.6865817904472351
ORD0095519,18.22449493408203,0.940269410610199
ORD0095520,61.652217864990234,0.9896023869514465
ORD0095521,58.36423110961914,0.9961534142494202
ORD0095522,27.209375381469727,0.9975601434707642
ORD0095523,27.88821029663086,0.9982964396476746
ORD0095524,11.218842506408691,0.0005818198551423848
ORD0095525,11.919902801513672,0.006767356302589178
ORD0095526,10.607588768005371,0.001372806029394269
ORD0095527,16.44048309326172,0.002372702118009329
ORD0095528,14.945648193359375,0.0006456157425418496
ORD0095529,13.959318161010742,0.02735062502324581
ORD0095530,12.311468124389648,0.7224646806716919
ORD0095531,20.00813102722168,0.024736063554883003
ORD0095532,13.331121444702148,0.0006119947065599263
ORD0095533,24.895429611206055,0.2959829866886139
ORD0095534,31.68146514892578,0.9581443071365356
ORD0095535,28.92545509338379,0.9471206665039062
ORD0095536,26.666481018066406,0.9984239339828491
ORD0095537,14.329280853271484,0.0006342472042888403
ORD0095538,13.333277702331543,0.006103142164647579
ORD0095540,23.407590866088867,0.0008546561584807932
ORD0095541,19.491506576538086,0.0001809644018067047
ORD0095542,21.303993225097656,0.9046117067337036
ORD0095543,18.15323829650879,0.9940723776817322
ORD0095544,15.316492080688477,0.8838093876838684
ORD0095545,18.34926414489746,0.006078400183469057
ORD0095546,16.486099243164062,0.0012926764320582151
ORD0095547,24.682662963867188,0.9983452558517456
ORD0095548,21.589078903198242,0.9978753328323364
ORD0095549,16.27141571044922,0.00028476188890635967
ORD0095550,14.483482360839844,0.001283606281504035
ORD0095551,11.615392684936523,0.0017665722407400608
ORD0095552,28.241764068603516,0.0002716343442443758
ORD0095553,20.117149353027344,0.00028752817888744175
ORD0095554,11.236017227172852,0.008828549645841122
ORD0095555,11.621274948120117,0.00022199115483090281
ORD0095556,14.026078224182129,0.09000113606452942
ORD0095557,15.117794036865234,0.00023490814783144742
ORD0095558,27.991241455078125,0.9174064993858337
ORD0095559,18.13627815246582,0.09155150502920151
ORD0095560,14.570125579833984,0.001709956326521933
ORD0095561,36.20109558105469,0.013001109473407269
ORD0095562,38.527793884277344,0.00011142239236505702
ORD0095563,14.968318939208984,0.8319452404975891
ORD0095564,12.059433937072754,0.009069566614925861
ORD0095565,17.31070899963379,0.0023198944982141256
ORD0095566,13.084041595458984,0.0008342702640220523
ORD0095567,94.83794403076172,0.0006536987493745983
ORD0095568,32.537174224853516,0.005574017763137817
ORD0095569,24.845008850097656,0.004320355597883463
ORD0095570,16.885059356689453,0.00035659020068123937
ORD0095571,14.146078109741211,0.0009046446066349745
ORD0095572,29.817779541015625,0.14758598804473877
ORD0095573,22.336740493774414,0.0009183716611005366
ORD0095574,14.980904579162598,0.9191550612449646
ORD0095575,11.885848999023438,0.09874563664197922
ORD0095576,23.3289737701416,0.9853957295417786
ORD0095577,20.179636001586914,0.7101983428001404
ORD0095578,11.328819274902344,0.00389448762871325
ORD0095579,10.136631965637207,0.003275268478319049
ORD0095580,16.144838333129883,0.34029218554496765
ORD0095581,18.369850158691406,0.8634284734725952
ORD0095582,30.88939094543457,0.003048536367714405
ORD0095583,27.838619232177734,0.0012915866682305932
ORD0095584,21.200096130371094,0.949488639831543
ORD0095585,23.34445571899414,0.012913906015455723
ORD0095586,18.33416175842285,0.3643748462200165
ORD0095587,17.338205337524414,0.006339387036859989
ORD0095588,37.448692321777344,0.005303599871695042
ORD0095589,21.338781356811523,0.00269262189976871
ORD0095590,14.650140762329102,0.018622281029820442
ORD0095591,14.6925630569458,0.008598791435360909
ORD0095592,15.616964340209961,0.004430403001606464
ORD0095593,13.494668960571289,0.0026030985172837973
ORD0095594,15.164690971374512,0.07972152531147003
ORD0095595,12.962152481079102,0.09800751507282257
ORD0095596,15.713590621948242,0.16899371147155762
ORD0095597,19.905017852783203,0.9298868775367737
ORD0095598,16.616199493408203,0.04716690257191658
ORD0095599,15.945836067199707,0.025396667420864105
ORD0095600,13.732109069824219,0.359009325504303
ORD0095601,11.077167510986328,0.822246253490448
ORD0095602,15.896743774414062,0.8988041877746582
ORD0095603,16.71405792236328,0.9806448817253113
ORD0095604,28.295120239257812,0.002776132896542549
ORD0095605,8.882102966308594,0.05764598026871681
ORD0095606,15.871810913085938,0.42092424631118774
ORD0095607,13.18246078491211,0.09649114310741425
ORD0095608,12.350980758666992,0.8124203085899353
ORD0095609,10.500957489013672,0.5845977067947388
ORD0095610,12.814879417419434,0.003106845309957862
ORD0095611,12.586358070373535,0.0021061971783638
ORD0095612,12.261617660522461,0.00038021497312001884
ORD0095613,11.770223617553711,0.00030155040440149605
ORD0095614,11.554069519042969,0.015406387858092785
ORD0095615,12.072856903076172,0.00989719107747078
ORD0095616,9.498062133789062,0.0005777124897576869
ORD0095617,8.84228801727295,0.0004796551074832678
ORD0095618,11.347412109375,0.1298534870147705
ORD0095619,10.613264083862305,0.9260876178741455
ORD0095620,10.914863586425781,0.055492889136075974
ORD0095621,13.364521026611328,0.9900968074798584
ORD0095622,13.544393539428711,0.9849190711975098
ORD0095623,11.900951385498047,0.0010767822386696935
ORD0095624,16.535308837890625,0.7992622256278992
ORD0095625,25.73666000366211,0.3375849425792694
ORD0095626,16.02800750732422,0.997252881526947
ORD0095627,13.813173294067383,0.0002635200507938862
ORD0095628,17.32455825805664,0.998768150806427
ORD0095629,13.507806777954102,0.0005600452423095703
ORD0095630,19.502042770385742,0.007911900989711285
ORD0095631,20.375713348388672,0.000568394607398659
ORD0095632,22.17123794555664,0.29280415177345276
ORD0095633,20.97072410583496,0.0004679516423493624
ORD0095634,22.62391471862793,0.9448022246360779
ORD0095635,19.801244735717773,0.08122814446687698
ORD0095636,13.013160705566406,0.0007015570881776512
ORD0095637,12.106171607971191,0.00013866799417883158
ORD0095638,20.160037994384766,0.9956931471824646
ORD0095639,16.724498748779297,0.6495016813278198
ORD0095640,16.486366271972656,0.004525782074779272
ORD0095641,15.451986312866211,0.00028259982354938984
ORD0095642,23.95012855529785,0.00048062289715744555
ORD0095643,20.879222869873047,0.4001711905002594
ORD0095644,18.944801330566406,0.6928439140319824
ORD0095645,9.852372169494629,0.06554476171731949
ORD0095646,9.560568809509277,0.0995618924498558
ORD0095647,15.750520706176758,0.7548611760139465
ORD0095648,13.950322151184082,0.9355908632278442
ORD0095649,25.013538360595703,0.9526795148849487
ORD0095650,17.590974807739258,0.1345328390598297
ORD0095651,14.250238418579102,0.37825438380241394
ORD0095652,27.362064361572266,0.021109621971845627
ORD0095653,17.96971893310547,0.24633829295635223
ORD0095654,11.553681373596191,0.6886587142944336
ORD0095655,16.581077575683594,0.530186653137207
ORD0095656,23.06560707092285,0.5878505110740662
ORD0095657,18.32367706298828,0.4914473295211792
ORD0095658,20.989913940429688,0.8988224864006042
ORD0095659,19.598390579223633,0.006983300670981407
ORD0095660,18.750932693481445,0.10604439675807953
ORD0095661,17.429153442382812,0.00457643112167716
ORD0095662,58.90285873413086,0.6402809619903564
ORD0095663,42.43914031982422,0.06935358047485352
ORD0095664,22.346920013427734,0.9631602764129639
ORD0095665,10.284910202026367,0.00019128588610328734
ORD0095666,9.671348571777344,0.0004479048657231033
ORD0095667,13.97079086303711,0.00031813507666811347
ORD0095668,15.137929916381836,0.0006096009165048599
ORD0095669,16.300281524658203,0.01514023169875145
ORD0095670,26.85968017578125,0.16477157175540924
ORD0095671,19.24695587158203,0.006575827021151781
ORD0095672,29.098920822143555,0.9289208054542542
ORD0095673,21.883134841918945,0.12129896879196167
ORD0095674,11.401239395141602,0.0001666824973654002
ORD0095675,7.904777526855469,0.0001548802829347551
ORD0095676,10.490165710449219,0.00036363673279993236
ORD0095677,27.33130645751953,0.0003937733417842537
ORD0095678,19.287446975708008,0.0003398644330445677
ORD0095679,23.734783172607422,0.9927088022232056
ORD0095680,15.716858863830566,0.6104121804237366
ORD0095681,14.611430168151855,0.00823473371565342
ORD0095682,13.70209789276123,0.9797434210777283
ORD0095683,14.648242950439453,0.0018239790806546807
ORD0095684,21.346044540405273,0.06549964845180511
ORD0095685,28.68505859375,0.9921208620071411
ORD0095686,13.660325050354004,0.0005100765265524387
ORD0095687,13.905864715576172,0.0002526728785596788
ORD0095688,12.354695320129395,0.012245381250977516
ORD0095689,19.4975643157959,0.00036921564606018364
ORD0095690,19.423654556274414,0.0001685900497250259
ORD0095691,10.922645568847656,0.0007939466158859432
ORD0095692,15.964595794677734,0.0023800034541636705
ORD0095693,14.299280166625977,0.0005594253307208419
ORD0095694,23.308870315551758,0.5092564821243286
ORD0095695,22.397281646728516,0.004904968198388815
ORD0095696,16.333833694458008,0.054049767553806305
ORD0095697,16.52981948852539,0.07563324272632599
ORD0095698,33.05552673339844,0.00038907272391952574
ORD0095699,13.75564956665039,0.5831459760665894
ORD0095700,13.7401123046875,0.8593342900276184
ORD0095701,17.75542640686035,0.00021063607709947973
ORD0095702,28.609519958496094,0.0024277048651129007
ORD0095703,20.86970329284668,0.0014092548517510295
ORD0095704,16.748363494873047,0.00046929443487897515
ORD0095705,20.594974517822266,0.06644455343484879
ORD0095706,17.635854721069336,0.015490573830902576
ORD0095707,17.460939407348633,0.0007606213330291212
ORD0095708,19.79804229736328,0.0007128059514798224
ORD0095709,16.207656860351562,0.7339016795158386
ORD0095710,12.215160369873047,0.4429108798503876
ORD0095711,20.774147033691406,0.9734086394309998
ORD0095712,19.935718536376953,0.9604485034942627
ORD0095713,9.728632926940918,0.0020294315181672573
ORD0095714,25.799251556396484,0.0004754372057504952
ORD0095715,23.990205764770508,0.0008348284754902124
ORD0095716,14.254520416259766,0.05265846848487854
ORD0095717,14.280073165893555,0.0026891655288636684
ORD0095718,18.354007720947266,0.5495600700378418
ORD0095719,14.433435440063477,0.012383603490889072
ORD0095720,25.889942169189453,0.0011157309636473656
ORD0095721,20.173490524291992,0.8611972332000732
ORD0095722,16.173521041870117,0.10881046950817108
ORD0095723,20.152135848999023,0.0062738643027842045
ORD0095724,21.81856346130371,0.0030296591576188803
ORD0095725,16.434101104736328,0.09924161434173584
ORD0095726,21.047483444213867,0.004748731851577759
ORD0095727,19.56214714050293,0.0011844616383314133
ORD0095728,14.699823379516602,0.010598602704703808
ORD0095729,13.268964767456055,0.0037627588026225567
ORD0095730,12.282468795776367,0.0011262980988249183
ORD0095731,13.417049407958984,0.0316922590136528
ORD0095732,13.961986541748047,0.0021950399968773127
ORD0095733,11.662736892700195,0.15046602487564087
ORD0095734,18.916120529174805,0.03614916279911995
ORD0095735,12.974674224853516,0.005627102684229612
ORD0095736,11.713937759399414,0.6467582583427429
ORD0095737,9.688589096069336,0.1705394983291626
ORD0095738,14.879073143005371,0.9649752378463745
ORD0095739,12.275616645812988,0.8403254747390747
ORD0095740,8.018001556396484,0.06763823330402374
ORD0095741,8.65306282043457,0.09958638995885849
ORD0095742,12.971014022827148,0.3987181484699249
ORD0095743,11.214341163635254,0.46877601742744446
ORD0095744,11.59312629699707,0.7229582667350769
ORD0095745,11.700542449951172,0.8442980051040649
ORD0095746,11.84703254699707,0.0008695910801179707
ORD0095747,11.423911094665527,0.0001380313333356753
ORD0095748,11.043941497802734,0.0001610852632438764
ORD0095749,12.452594757080078,0.01011629682034254
ORD0095750,10.681201934814453,0.0007964365067891777
ORD0095751,8.87449836730957,0.00015278013597708195
ORD0095752,8.994758605957031,0.00023185437021311373
ORD0095753,10.894554138183594,0.057851385325193405
ORD0095754,10.621133804321289,0.71120685338974
ORD0095755,12.479403495788574,0.7931501865386963
ORD0095756,10.99977970123291,0.004687807988375425
ORD0095757,10.685885429382324,0.000300022802548483
ORD0095758,15.242734909057617,0.0002269050746690482
ORD0095759,20.69720458984375,0.0001707455812720582
ORD0095760,23.34006690979004,0.00022380052541848272
ORD0095761,10.50548267364502,0.0010620529064908624
ORD0095762,12.12260913848877,0.0004173593479208648
ORD0095763,16.811153411865234,0.0028911971021443605
ORD0095764,12.873039245605469,0.0006921375170350075
ORD0095765,21.858938217163086,0.00021117118012625724
ORD0095766,18.985937118530273,0.0002959726261906326
ORD0095767,16.30389976501465,0.0009908420033752918
ORD0095768,20.216808319091797,0.005072691477835178
ORD0095769,23.844802856445312,0.005855354480445385
ORD0095770,15.58393669128418,0.00012943086039740592
ORD0095771,10.616300582885742,0.00017679401207715273
ORD0095772,19.408432006835938,0.3180393576622009
ORD0095773,14.36240005493164,0.00018300185911357403
ORD0095774,18.285037994384766,0.0002328819246031344
ORD0095775,61.90956115722656,0.00026660365983843803
ORD0095776,27.243263244628906,0.00021120884048286825
ORD0095777,18.297239303588867,0.9850983619689941
ORD0095778,10.2582368850708,0.7076509594917297
ORD0095779,10.270529747009277,0.6494067311286926
ORD0095780,15.158283233642578,0.9956756234169006
ORD0095781,23.984296798706055,0.9988573789596558
ORD0095782,20.675064086914062,0.9101163744926453
ORD0095783,13.76386833190918,0.892108142375946
ORD0095784,12.956294059753418,0.10576380789279938
ORD0095785,11.127389907836914,0.43784382939338684
ORD0095786,11.92094612121582,0.19081833958625793
ORD0095787,12.572908401489258,0.5866549015045166
ORD0095788,19.55831527709961,0.4191724956035614
ORD0095789,15.863764762878418,0.7757934331893921
ORD0095790,11.775105476379395,0.5610455274581909
ORD0095791,39.05308151245117,0.1562242954969406
ORD0095792,18.780925750732422,0.000691819644998759
ORD0095793,15.889119148254395,0.0005092205828987062
ORD0095794,15.800664901733398,0.00325786299072206
ORD0095795,45.26658630371094,0.025157198309898376
ORD0095796,30.48139190673828,0.0009351937915198505
ORD0095797,22.162023544311523,0.6248085498809814
ORD0095798,23.290117263793945,0.0071303220465779305
ORD0095799,8.707365989685059,0.00012351677287369967
ORD0095800,9.09607982635498,0.00014039481175132096
ORD0095801,9.052834510803223,0.0002632287796586752
ORD0095802,8.460419654846191,0.0001742720924085006
ORD0095803,13.125190734863281,0.00018324929988011718
ORD0095804,13.323421478271484,0.004027279559522867
ORD0095805,12.539875030517578,0.0008361779036931694
ORD0095806,19.00587272644043,0.023857226595282555
ORD0095807,21.698484420776367,0.0013624303974211216
ORD0095808,22.76736068725586,0.36466875672340393
ORD0095809,9.176770210266113,0.00014464306877925992
ORD0095810,8.950044631958008,0.0002453933411743492
ORD0095811,9.313281059265137,0.003398803062736988
ORD0095812,9.966436386108398,0.0003132220299448818
ORD0095813,18.503116607666016,0.00022121400979813188
ORD0095814,18.530282974243164,8.047169831115752e-05
ORD0095815,19.630964279174805,0.960669219493866
ORD0095816,16.652679443359375,0.942046046257019
ORD0095817,16.668405532836914,0.9976902008056641
ORD0095818,13.427861213684082,0.48369309306144714
ORD0095819,15.166959762573242,0.0007330389926210046
ORD0095820,18.777189254760742,0.5286121964454651
ORD0095821,94.896484375,0.0056845941580832005
ORD0095822,40.962371826171875,0.00037369923666119576
ORD0095823,13.308534622192383,0.27241432666778564
ORD0095824,11.591533660888672,0.00028477166779339314
ORD0095825,15.170292854309082,0.9649969935417175
ORD0095826,10.909173011779785,0.0009109696256928146
ORD0095827,21.097339630126953,0.00017669559747446328
ORD0095828,14.537338256835938,0.00010379877494415268
ORD0095829,9.418696403503418,0.0005626045167446136
ORD0095830,8.58297348022461,0.007353835739195347
ORD0095831,12.481363296508789,0.0023620931897312403
ORD0095832,13.516042709350586,0.2574710547924042
ORD0095833,18.37488555908203,0.06414597481489182
ORD0095834,18.737661361694336,0.7679768204689026
ORD0095835,15.428912162780762,0.7617127895355225
ORD0095836,13.104110717773438,0.958246111869812
ORD0095837,21.318849563598633,0.00042692781426012516
ORD0095838,23.036977767944336,0.00023811701976228505
ORD0095839,11.452312469482422,0.9549843072891235
ORD0095840,14.18278694152832,0.00025528494734317064
ORD0095841,13.654616355895996,0.00015265897673089057
ORD0095842,22.951889038085938,0.008775523863732815
ORD0095843,17.875423431396484,0.007565467618405819
ORD0095844,11.649003982543945,0.0009406556491740048
ORD0095845,11.393312454223633,0.0010797909926623106
ORD0095846,24.920263290405273,0.6744166016578674
ORD0095847,18.50445556640625,0.4839992821216583
ORD0095848,15.966692924499512,0.003065479686483741
ORD0095849,18.32459259033203,0.0015381434932351112
ORD0095850,13.035613059997559,0.9633838534355164
ORD0095851,11.09048080444336,0.9512587785720825
ORD0095852,19.302513122558594,0.9924941062927246
ORD0095853,19.455486297607422,0.9889352917671204
ORD0095854,9.500903129577637,0.02690083719789982
ORD0095855,9.043135643005371,0.009424672462046146
ORD0095856,14.105095863342285,0.0059148469008505344
ORD0095857,14.439236640930176,0.0037725213915109634
ORD0095858,13.919479370117188,0.011565517634153366
ORD0095859,13.196981430053711,0.011821545660495758
ORD0095860,24.09093475341797,0.000643926439806819
ORD0095861,22.570039749145508,0.0007514384342357516
ORD0095862,16.573484420776367,0.15011052787303925
ORD0095863,13.990705490112305,0.0013112649321556091
ORD0095864,15.719320297241211,0.006223232951015234
ORD0095865,13.755521774291992,0.002646405715495348
ORD0095866,21.698951721191406,0.005218996666371822
ORD0095867,18.67001724243164,0.0010521383956074715
ORD0095868,12.668466567993164,0.013227919116616249
ORD0095869,11.673789024353027,0.0011576761025935411
ORD0095870,13.609463691711426,0.005698696710169315
ORD0095871,11.525840759277344,0.0013120713410899043
ORD0095872,12.10905647277832,0.04710322991013527
ORD0095873,9.48691177368164,0.0031396045815199614
ORD0095874,24.444421768188477,0.0012605385854840279
ORD0095875,9.571002006530762,0.019687725231051445
ORD0095876,10.23025894165039,0.028325149789452553
ORD0095877,15.941442489624023,0.00688020559027791
ORD0095878,15.114203453063965,0.012257453054189682
ORD0095879,11.110754013061523,0.002326852409169078
ORD0095880,12.32469367980957,0.005195521283894777
ORD0095881,10.058095932006836,0.26657554507255554
ORD0095882,11.012361526489258,0.32080110907554626
ORD0095883,14.400224685668945,0.8731452822685242
ORD0095884,11.161970138549805,0.9141159653663635
ORD0095885,6.555974960327148,0.003075249958783388
ORD0095886,6.197238922119141,0.004127446096390486
ORD0095887,11.141166687011719,0.0056028240360319614
ORD0095888,9.365859985351562,0.027299944311380386
ORD0095889,9.23560619354248,0.037302710115909576
ORD0095890,9.945169448852539,0.0002641272731125355
ORD0095891,9.062779426574707,0.0001372848346363753
ORD0095892,9.271419525146484,0.0005655556451529264
ORD0095893,8.686758995056152,0.00026303206686861813
ORD0095894,6.939892768859863,8.546622120775282e-05
ORD0095895,6.475151062011719,0.00012359123502392322
ORD0095896,8.892352104187012,0.0030520993750542402
ORD0095897,9.013959884643555,0.0011221733875572681
ORD0095898,7.866852760314941,0.031058110296726227
ORD0095899,9.069366455078125,0.013007286004722118
ORD0095900,10.338029861450195,0.409092515707016
ORD0095901,8.682723045349121,0.00012018735287711024
ORD0095902,8.918232917785645,9.91926426650025e-05
ORD0095903,14.880332946777344,0.00028968098922632635
ORD0095904,13.225475311279297,0.0006483040633611381
ORD0095905,19.786252975463867,0.00020290105021558702
ORD0095906,22.213769912719727,0.0005718291504308581
ORD0095907,7.466117858886719,0.0005122781731188297
ORD0095908,9.670450210571289,0.00894271582365036
ORD0095909,11.614927291870117,0.0010249526239931583
ORD0095910,16.964305877685547,0.0005008932785131037
ORD0095911,16.020442962646484,0.0017351426649838686
ORD0095912,16.82459831237793,0.00018192337302025408
ORD0095913,17.903276443481445,0.06006602570414543
ORD0095914,17.33576774597168,0.00023561115085612983
ORD0095915,10.566929817199707,0.0001802298065740615
ORD0095916,9.288019180297852,0.0001042608346324414
ORD0095917,14.430242538452148,0.6835022568702698
ORD0095918,12.060144424438477,0.0007218777318485081
ORD0095919,14.497894287109375,0.0003458916617091745
ORD0095920,14.745386123657227,0.19931091368198395
ORD0095921,15.297162055969238,0.3236481547355652
ORD0095922,7.569284439086914,0.04661014303565025
ORD0095923,7.454549789428711,0.05823642760515213
ORD0095924,11.156237602233887,0.4291985332965851
ORD0095925,9.216136932373047,0.5697416067123413
ORD0095926,20.706201553344727,0.8455350399017334
ORD0095927,19.150283813476562,0.9298046231269836
ORD0095928,13.941036224365234,0.08978789299726486
ORD0095929,10.10053825378418,0.1402435004711151
ORD0095930,15.421979904174805,0.24184609949588776
ORD0095931,10.134297370910645,0.39019858837127686
ORD0095932,17.679658889770508,0.3536674380302429
ORD0095933,14.507349014282227,0.3735281229019165
ORD0095934,12.860325813293457,0.5210679769515991
ORD0095935,11.398273468017578,0.7945569157600403
ORD0095936,12.427267074584961,0.0003169722331222147
ORD0095937,12.140411376953125,0.008032317273318768
ORD0095938,12.399726867675781,0.0004852499405387789
ORD0095939,30.731101989746094,0.002248424803838134
ORD0095940,14.150962829589844,0.00810200721025467
ORD0095941,9.626309394836426,0.0007949363789521158
ORD0095942,10.288491249084473,9.532924741506577e-05
ORD0095943,10.11104679107666,0.04792986437678337
ORD0095944,13.858243942260742,0.026751020923256874
ORD0095945,12.62251091003418,0.0001443594810552895
ORD0095946,12.729924201965332,0.0001425391819793731
ORD0095947,11.807268142700195,0.00022638709924649447
ORD0095948,16.822263717651367,0.004716815426945686
ORD0095949,14.275903701782227,0.00019066568347625434
ORD0095950,25.51774024963379,0.04612967371940613
ORD0095951,29.124710083007812,0.637629508972168
ORD0095952,16.153963088989258,0.012881779111921787
ORD0095953,10.21607494354248,9.317933290731162e-05
ORD0095954,9.227937698364258,0.00012548555969260633
ORD0095955,21.778411865234375,0.00026656858972273767
ORD0095956,22.61102867126465,0.9800137281417847
ORD0095957,15.277162551879883,0.005545150488615036
ORD0095958,12.444976806640625,0.0006324080750346184
ORD0095959,13.935644149780273,0.02965644933283329
ORD0095960,17.692567825317383,0.0020931658800691366
ORD0095961,12.395574569702148,0.00014187232591211796
ORD0095962,16.031780242919922,0.003347797319293022
ORD0095963,24.12211036682129,0.9901968240737915
ORD0095964,12.310295104980469,0.00011568877380341291
ORD0095965,12.301641464233398,7.15894129825756e-05
ORD0095966,13.255838394165039,0.00035486440174281597
ORD0095967,20.959789276123047,0.00022274423099588603
ORD0095968,10.630902290344238,0.001757585909217596
ORD0095969,8.171184539794922,0.00011275135329924524
ORD0095970,14.932281494140625,0.02093692310154438
ORD0095971,23.244009017944336,0.4249151051044464
ORD0095972,20.063100814819336,0.9747642874717712
ORD0095973,15.100911140441895,0.0006381195271387696
ORD0095974,26.004913330078125,0.001441203523427248
ORD0095975,26.12694549560547,9.648367267800495e-05
ORD0095976,8.696660995483398,0.00046650844160467386
ORD0095977,9.796812057495117,0.001856930903159082
ORD0095978,13.53233528137207,0.00047077349154278636
ORD0095979,82.97085571289062,0.0007874220609664917
ORD0095980,55.16557693481445,0.0032886110711842775
ORD0095981,22.341777801513672,0.0002941337588708848
ORD0095982,20.185163497924805,0.006169147323817015
ORD0095983,24.272991180419922,0.00029527617152780294
ORD0095984,13.938226699829102,0.0009025080944411457
ORD0095985,13.075641632080078,0.0004326945636421442
ORD0095986,23.93463134765625,0.18667559325695038
ORD0095987,19.670787811279297,0.001979389926418662
ORD0095988,18.108108520507812,0.0012183417566120625
ORD0095989,11.884727478027344,0.8667985200881958
ORD0095990,18.56816291809082,0.9873496890068054
ORD0095991,9.669224739074707,0.010584541596472263
ORD0095992,54.35035705566406,0.0005207070498727262
ORD0095993,12.618816375732422,0.03298289328813553
ORD0095994,13.605807304382324,0.02391658164560795
ORD0095995,17.378408432006836,0.47476089000701904
ORD0095996,14.891298294067383,0.17869196832180023
ORD0095997,28.002595901489258,0.00149184325709939
ORD0095998,27.487688064575195,0.001963558606803417
ORD0095999,16.29583740234375,0.6937807202339172
ORD0096000,18.398897171020508,0.6154919266700745
ORD0096001,18.213808059692383,0.008100037463009357
ORD0096002,19.842222213745117,0.004858542233705521
ORD0096003,19.64093589782715,0.07836273312568665
ORD0096004,14.567083358764648,0.012616428546607494
ORD0096005,24.621559143066406,0.0024257253389805555
ORD0096006,15.474130630493164,0.004654517862945795
ORD0096007,13.092901229858398,0.0024422109127044678
ORD0096008,10.979259490966797,0.0104356175288558
ORD0096009,9.61604118347168,0.011066695675253868
ORD0096010,16.46285057067871,0.00445812102407217
ORD0096011,13.939638137817383,0.9182892441749573
ORD0096012,11.479286193847656,0.0031628985889256
ORD0096013,9.310220718383789,0.029991749674081802
ORD0096014,7.510313987731934,0.004925295244902372
ORD0096015,11.752092361450195,0.235545814037323
ORD0096016,10.25724983215332,0.005261196754872799
ORD0096017,8.407435417175293,0.004543896298855543
ORD0096018,9.07901382446289,0.007984931580722332
ORD0096019,12.454300880432129,0.010121211409568787
ORD0096020,10.411931991577148,0.0378873310983181
ORD0096021,9.205784797668457,0.031007274985313416
ORD0096022,12.033097267150879,0.004226165823638439
ORD0096023,11.749937057495117,0.00024798736558295786
ORD0096024,11.813638687133789,0.0003968066303059459
ORD0096025,10.76620101928711,0.03172025829553604
ORD0096026,8.734572410583496,0.0003502159961499274
ORD0096027,10.911541938781738,0.3046717345714569
ORD0096028,10.607511520385742,0.0005203362088650465
ORD0096029,10.657967567443848,0.9724760055541992
ORD0096030,8.802604675292969,0.000851066317409277
ORD0096031,12.891800880432129,0.9847221970558167
ORD0096032,10.399511337280273,0.0017337639583274722
ORD0096033,10.419626235961914,0.0010806728387251496
ORD0096034,11.253679275512695,0.00024909022613428533
ORD0096035,14.895315170288086,0.0007694605155847967
ORD0096036,15.221521377563477,0.9343118667602539
ORD0096037,21.82814598083496,0.00044537035864777863
ORD0096038,31.72801399230957,0.5418501496315002
ORD0096039,10.564337730407715,0.002758318791165948
ORD0096040,12.473922729492188,0.013726676814258099
ORD0096041,17.484472274780273,0.9964017868041992
ORD0096042,20.768659591674805,0.000394588423660025
ORD0096043,16.25131607055664,0.0011822606902569532
ORD0096044,17.73389434814453,0.001276929397135973
ORD0096045,24.31380844116211,0.011172561906278133
ORD0096046,10.453678131103516,0.00018384713621344417
ORD0096047,10.703032493591309,0.0002587562776170671
ORD0096048,19.324617385864258,0.5084096789360046
ORD0096049,17.416318893432617,0.04951852560043335
ORD0096050,15.996294975280762,0.00028771741199307144
ORD0096051,16.311134338378906,0.0007194534409791231
ORD0096052,20.550498962402344,0.3427247703075409
ORD0096053,18.035587310791016,0.13097916543483734
ORD0096054,9.5896635055542,0.04954865574836731
ORD0096055,9.61309814453125,0.035574667155742645
ORD0096056,11.548693656921387,0.6872453093528748
ORD0096057,12.758722305297852,0.344622403383255
ORD0096058,23.603578567504883,0.9539650678634644
ORD0096059,21.4674072265625,0.590823769569397
ORD0096060,11.914026260375977,0.18951837718486786
ORD0096061,13.109946250915527,0.16708829998970032
ORD0096062,12.022903442382812,0.15194664895534515
ORD0096063,11.75290584564209,0.28521963953971863
ORD0096064,11.970386505126953,0.25913676619529724
ORD0096065,22.583507537841797,0.14517782628536224
ORD0096066,21.89645004272461,0.270323783159256
ORD0096067,14.014287948608398,0.19311070442199707
ORD0096068,12.004764556884766,0.3935571610927582
ORD0096069,17.35511016845703,0.0005552581278607249
ORD0096070,13.412900924682617,0.0009718816145323217
ORD0096071,15.613950729370117,0.0014322753995656967
ORD0096072,12.450776100158691,0.0018281692173331976
ORD0096073,34.09990310668945,0.004675800446420908
ORD0096074,20.076534271240234,0.03301502764225006
ORD0096075,20.33885955810547,0.029749760404229164
ORD0096076,35.15645217895508,0.0011502765119075775
ORD0096077,12.050102233886719,0.00014845833356957883
ORD0096078,13.12732219696045,0.028995972126722336
ORD0096079,11.121820449829102,0.0003161320637445897
ORD0096080,13.929574012756348,0.952489972114563
ORD0096081,14.883270263671875,0.00024815648794174194
ORD0096082,18.49600601196289,0.9486573338508606
ORD0096083,14.939608573913574,8.672744297655299e-05
ORD0096084,14.227191925048828,0.007126305717974901
ORD0096085,17.153789520263672,0.0017932873452082276
ORD0096086,14.337224006652832,0.0009816576493903995
ORD0096087,25.18782615661621,0.006139799486845732
ORD0096088,30.436521530151367,0.38370010256767273
ORD0096089,33.8475456237793,0.11766419559717178
ORD0096090,13.633394241333008,0.0001130554883275181
ORD0096091,11.764436721801758,0.00012226922262925655
ORD0096092,12.822471618652344,7.361520692938939e-05
ORD0096093,11.964615821838379,0.00513100903481245
ORD0096094,23.605173110961914,0.00023589885677210987
ORD0096095,25.35458755493164,0.0002562775043770671
ORD0096096,18.16628074645996,0.00025387544883415103
ORD0096097,21.463756561279297,0.9610931277275085
ORD0096098,15.09115982055664,0.0002906902809627354
ORD0096099,21.500974655151367,0.0009242165251635015
ORD0096100,16.08849334716797,0.0005252896226011217
ORD0096101,19.76690101623535,0.0017564184963703156
ORD0096102,25.661699295043945,0.9922617673873901
ORD0096103,75.8603286743164,0.0067034089006483555
ORD0096104,59.43033981323242,0.005409939214587212
ORD0096105,53.645050048828125,0.004754653666168451
ORD0096106,75.08621978759766,0.004935486242175102
ORD0096107,31.011993408203125,0.000448730745119974
ORD0096108,65.61709594726562,0.000516920059453696
ORD0096109,15.507638931274414,0.000159366536536254
ORD0096110,14.429271697998047,0.0006540174945257604
ORD0096111,13.296571731567383,0.0004892423166893423
ORD0096112,13.326042175292969,0.0038222570437937975
ORD0096113,24.186325073242188,0.00018989731324836612
ORD0096114,19.329498291015625,0.00011275232100160792
ORD0096115,13.216035842895508,0.0018498374847695231
ORD0096116,16.266319274902344,0.007089201360940933
ORD0096117,25.182880401611328,0.1719982922077179
ORD0096118,24.895923614501953,0.09323985129594803
ORD0096119,19.813739776611328,0.962466299533844
ORD0096120,31.538429260253906,0.0007213056087493896
ORD0096121,17.217519760131836,0.9950478672981262
ORD0096122,17.703733444213867,0.9212668538093567
ORD0096123,14.51824951171875,0.00014431076124310493
ORD0096124,18.56028938293457,0.0006244191317819059
ORD0096125,30.486114501953125,0.013105305843055248
ORD0096126,15.08251667022705,0.0006164780934341252
ORD0096127,16.261255264282227,0.0007754353573545814
ORD0096128,26.370302200317383,0.784259557723999
ORD0096129,23.241273880004883,0.24443794786930084
ORD0096130,21.90078353881836,0.0013965306570753455
ORD0096131,20.00834846496582,0.004565944895148277
ORD0096132,19.4510440826416,0.9866031408309937
ORD0096133,25.03524398803711,0.996892511844635
ORD0096134,21.304080963134766,0.9277984499931335
ORD0096135,12.892879486083984,0.017879441380500793
ORD0096136,11.899943351745605,0.11170510202646255
ORD0096137,15.667156219482422,0.015394513495266438
ORD0096138,17.133832931518555,0.04974377900362015
ORD0096139,18.668283462524414,0.12588472664356232
ORD0096140,18.428600311279297,0.2965964078903198
ORD0096141,30.724397659301758,0.0006956891156733036
ORD0096142,26.162866592407227,0.0008064847206696868
ORD0096143,20.18134880065918,0.666614294052124
ORD0096144,22.04238510131836,0.8551005125045776
ORD0096145,25.381837844848633,0.0025986048858612776
ORD0096146,22.014278411865234,0.0035343277268111706
ORD0096147,18.637887954711914,0.01789006218314171
ORD0096148,18.743900299072266,0.06806370615959167
ORD0096149,28.474872589111328,0.061457134783267975
ORD0096150,32.0040168762207,0.08606328070163727
ORD0096151,16.441614151000977,0.3229134678840637
ORD0096152,19.337467193603516,0.23149098455905914
ORD0096153,19.986011505126953,0.0165164303034544
ORD0096154,16.104368209838867,0.03816334158182144
ORD0096155,15.976953506469727,0.7826934456825256
ORD0096156,14.485560417175293,0.5533870458602905
ORD0096157,13.898664474487305,0.012806285172700882
ORD0096158,21.298093795776367,0.7068523168563843
ORD0096159,20.607004165649414,0.005931800231337547
ORD0096160,22.328304290771484,0.17429766058921814
ORD0096161,15.541498184204102,0.03162728622555733
ORD0096162,14.45526123046875,0.04472913220524788
ORD0096163,12.510108947753906,0.15922653675079346
ORD0096164,15.431461334228516,0.7288535833358765
ORD0096165,10.3466157913208,0.010050532408058643
ORD0096166,11.621461868286133,0.11028806120157242
ORD0096167,15.56328010559082,0.06620929390192032
ORD0096168,16.1784610748291,0.7681176066398621
ORD0096169,13.134072303771973,0.29008248448371887
ORD0096170,13.505180358886719,0.001165693742223084
ORD0096171,12.743613243103027,0.00015914194227661937
ORD0096172,12.779601097106934,0.00014068736345507205
ORD0096173,12.254598617553711,0.0001279716962017119
ORD0096174,11.520989418029785,0.004315070807933807
ORD0096175,12.916043281555176,0.00036157522117719054
ORD0096176,9.518458366394043,0.0001319508592132479
ORD0096177,9.8169584274292,0.00010230181214865297
ORD0096178,12.41993522644043,0.016923813149333
ORD0096179,11.706302642822266,0.0004584596899803728
ORD0096180,11.50993824005127,0.29510125517845154
ORD0096181,9.991721153259277,0.004149972461163998
ORD0096182,13.390054702758789,0.8257899284362793
ORD0096183,12.440570831298828,0.014756360091269016
ORD0096184,11.125519752502441,0.00025834215921349823
ORD0096185,19.067956924438477,0.00041628151666373014
ORD0096186,17.438501358032227,0.0002636014833115041
ORD0096187,26.027027130126953,0.00019509010598994792
ORD0096188,10.234007835388184,0.001130433171056211
ORD0096189,18.133581161499023,0.003423440968617797
ORD0096190,13.104975700378418,0.0012526237405836582
ORD0096191,27.27713394165039,0.0004347220528870821
ORD0096192,67.47124481201172,0.01183229498565197
ORD0096193,49.00394821166992,0.9299360513687134
ORD0096194,58.52399444580078,0.001962964190170169
ORD0096195,63.940208435058594,0.0005787574336864054
ORD0096196,79.80473327636719,0.0008160313591361046
ORD0096197,21.445796966552734,0.0005010176100768149
ORD0096198,21.10993766784668,0.00033262328361161053
ORD0096199,20.764060974121094,0.0018074542749673128
ORD0096200,23.538543701171875,0.0034482250921428204
ORD0096201,25.293718338012695,0.03878873959183693
ORD0096202,14.223156929016113,0.00015254925529006869
ORD0096203,20.5338134765625,0.7461556196212769
ORD0096204,19.249935150146484,0.2676832973957062
ORD0096205,18.996158599853516,0.00035661636502481997
ORD0096206,23.1064510345459,0.16748736798763275
ORD0096207,11.816120147705078,0.027511313557624817
ORD0096208,14.348100662231445,0.408551424741745
ORD0096209,12.858346939086914,0.0879143550992012
ORD0096210,26.928810119628906,0.7689464688301086
ORD0096211,20.74930191040039,0.29564109444618225
ORD0096212,16.677467346191406,0.05703394114971161
ORD0096213,15.235651016235352,0.02303246781229973
ORD0096214,14.339116096496582,0.2998729348182678
ORD0096215,12.724184036254883,0.09953537583351135
ORD0096216,14.180757522583008,0.6148418188095093
ORD0096217,13.177190780639648,0.16523167490959167
ORD0096218,29.62541961669922,0.3763169050216675
ORD0096219,15.549659729003906,0.5997302532196045
ORD0096220,11.844865798950195,0.35037681460380554
ORD0096221,18.746248245239258,0.000547669013030827
ORD0096222,15.86775016784668,0.0011516973609104753
ORD0096223,15.799692153930664,0.00018726957205217332
ORD0096224,42.16472625732422,0.0069671859964728355
ORD0096225,40.09968948364258,0.0005732821300625801
ORD0096226,25.77114486694336,0.302341103553772
ORD0096227,23.315563201904297,0.0029909000732004642
ORD0096228,12.040359497070312,0.0010467920219525695
ORD0096229,11.490093231201172,0.0001687568292254582
ORD0096230,12.63111686706543,0.05282099172472954
ORD0096231,11.067707061767578,0.0005119433044455945
ORD0096232,16.426076889038086,0.013724352233111858
ORD0096233,14.843883514404297,0.0003502106701489538
ORD0096234,16.236995697021484,0.0005069907638244331
ORD0096235,14.414291381835938,0.0031199075747281313
ORD0096236,17.80876922607422,0.0032605428714305162
ORD0096237,18.552841186523438,0.0009002326405607164
ORD0096238,23.71460723876953,0.014881211332976818
ORD0096239,36.240516662597656,0.43218669295310974
ORD0096240,31.199743270874023,0.27484312653541565
ORD0096241,15.261314392089844,0.00024306710110977292
ORD0096242,11.418495178222656,0.00012449965288396925
ORD0096243,13.173948287963867,0.00042506546014919877
ORD0096244,11.787185668945312,0.0013768236385658383
ORD0096245,27.966278076171875,0.0001787197688827291
ORD0096246,20.511255264282227,0.01756264455616474
ORD0096247,21.117244720458984,0.9449288845062256
ORD0096248,21.193761825561523,0.0009566794033162296
ORD0096249,17.12584686279297,0.0002861316315829754
ORD0096250,22.015138626098633,0.05608709156513214
ORD0096251,105.85057067871094,0.16842731833457947
ORD0096252,73.59220123291016,0.003641880350187421
ORD0096253,58.16967010498047,0.001085624797269702
ORD0096254,20.102903366088867,0.0007678834954276681
ORD0096255,17.292938232421875,0.014310942031443119
ORD0096256,12.774913787841797,0.0006635401514358819
ORD0096257,25.607589721679688,0.0006063426262699068
ORD0096258,11.688819885253906,0.012633083388209343
ORD0096259,10.838170051574707,0.0025605286937206984
ORD0096260,19.431419372558594,0.27118855714797974
ORD0096261,16.716705322265625,0.015904206782579422
ORD0096262,26.762495040893555,0.465936541557312
ORD0096263,38.74818420410156,0.726180911064148
ORD0096264,26.114490509033203,0.9803304076194763
ORD0096265,38.79850769042969,0.004949317313730717
ORD0096266,40.42206954956055,0.0004710766952484846
ORD0096267,16.297592163085938,0.9972781538963318
ORD0096268,16.83735466003418,0.0005539765115827322
ORD0096269,18.33184051513672,0.00016086547111626714
ORD0096270,32.33271026611328,0.028096714988350868
ORD0096271,18.49073600769043,0.0008242409094236791
ORD0096272,34.35063171386719,0.8446579575538635
ORD0096273,21.553396224975586,0.0017057786462828517
ORD0096274,20.905075073242188,0.000699650845490396
ORD0096275,20.125343322753906,0.9906937479972839
ORD0096276,13.3170804977417,0.012413645163178444
ORD0096277,23.95624542236328,0.9980106949806213
ORD0096278,15.2377290725708,0.022557586431503296
ORD0096279,13.370870590209961,0.0027862670831382275
ORD0096280,16.403881072998047,0.006237823981791735
ORD0096281,18.151779174804688,0.03187732771039009
ORD0096282,34.89738464355469,0.0005517448298633099
ORD0096283,18.28095054626465,0.21616457402706146
ORD0096284,19.54250144958496,0.0013444767100736499
ORD0096285,22.335346221923828,0.0014561004936695099
ORD0096286,34.98222351074219,0.0015283672837540507
ORD0096287,19.28903579711914,0.007690030615776777
ORD0096288,60.189064025878906,0.0065155415795743465
ORD0096289,43.82725143432617,0.0007334264228120446
ORD0096290,36.30059814453125,0.9649835824966431
ORD0096291,17.993106842041016,0.9876343607902527
ORD0096292,20.814748764038086,0.13077899813652039
ORD0096293,22.593910217285156,0.7898963689804077
ORD0096294,18.601272583007812,0.9956454038619995
ORD0096295,16.288490295410156,0.15272410213947296
ORD0096296,47.8626594543457,0.08417471498250961
ORD0096297,32.21363067626953,0.05113722383975983
ORD0096298,12.390869140625,0.012130063027143478
ORD0096299,17.66895294189453,0.3768048882484436
ORD0096300,18.330129623413086,0.0010080712381750345
ORD0096301,21.56387710571289,0.04440702125430107
ORD0096302,17.484006881713867,0.005720887333154678
ORD0096303,16.93947410583496,0.015556085854768753
ORD0096304,12.804512023925781,0.0630572959780693
ORD0096305,17.28491973876953,0.5662195086479187
ORD0096306,26.875089645385742,0.001324332202784717
ORD0096307,47.90998840332031,0.0015377383679151535
ORD0096308,36.877296447753906,0.0010559512302279472
ORD0096309,11.251997947692871,0.024927042424678802
ORD0096310,16.402830123901367,0.1304139643907547
ORD0096311,16.474384307861328,0.03665850684046745
ORD0096312,13.4613037109375,0.4642857015132904
ORD0096313,11.249103546142578,0.0003357857058290392
ORD0096314,12.119494438171387,0.019552625715732574
ORD0096315,11.59145736694336,0.00015158444875851274
ORD0096316,11.653219223022461,0.0006691495655104518
ORD0096317,10.693431854248047,0.000537422311026603
ORD0096318,8.828622817993164,0.0001150436801253818
ORD0096319,11.236652374267578,0.002311493270099163
ORD0096320,11.874582290649414,0.28108033537864685
ORD0096321,9.703047752380371,0.017219029366970062
ORD0096322,13.220907211303711,0.1703178584575653
ORD0096323,12.279462814331055,0.8889580965042114
ORD0096324,11.135807037353516,0.010071737691760063
ORD0096325,11.10006332397461,0.0018731963355094194
ORD0096326,17.199432373046875,0.0028661976102739573
ORD0096327,17.057146072387695,0.0006366546149365604
ORD0096328,23.76761245727539,0.0006623387453146279
ORD0096329,24.6939640045166,0.00028116797329857945
ORD0096330,12.394452095031738,0.06633978337049484
ORD0096331,10.991865158081055,0.002173475455492735
ORD0096332,20.529802322387695,0.6963568329811096
ORD0096333,20.12023162841797,0.024751178920269012
ORD0096334,19.134014129638672,0.0015052418457344174
ORD0096335,28.50967788696289,0.6092453002929688
ORD0096336,25.601125717163086,0.9721951484680176
ORD0096337,25.395658493041992,0.06156983971595764
ORD0096338,14.907485961914062,0.0007041891803964972
ORD0096339,19.61638069152832,0.9949606657028198
ORD0096340,16.74047088623047,0.0025950144045054913
ORD0096341,19.5760440826416,0.0008778558694757521
ORD0096342,21.29569435119629,0.6663196086883545
ORD0096343,17.837905883789062,0.009369640611112118
ORD0096344,9.8471040725708,0.09572210162878036
ORD0096345,16.751850128173828,0.9365192651748657
ORD0096346,23.22011375427246,0.99086993932724
ORD0096347,23.890689849853516,0.01741659827530384
ORD0096348,16.940750122070312,0.3202429711818695
ORD0096349,15.847466468811035,0.25466686487197876
ORD0096350,15.976014137268066,0.43751275539398193
ORD0096351,11.438507080078125,0.25806501507759094
ORD0096352,21.467571258544922,0.4778854548931122
ORD0096353,18.039201736450195,0.1762876659631729
ORD0096354,18.037614822387695,0.6292230486869812
ORD0096355,92.99935150146484,0.21221286058425903
ORD0096356,20.477481842041016,0.019018668681383133
ORD0096357,14.298675537109375,0.011905011720955372
ORD0096358,15.474618911743164,0.225547194480896
ORD0096359,15.188817977905273,0.07798030972480774
ORD0096360,51.08177947998047,0.9625275731086731
ORD0096361,66.99188995361328,0.8628202080726624
ORD0096362,29.036596298217773,0.9941959381103516
ORD0096363,27.527095794677734,0.9782764315605164
ORD0096364,12.020669937133789,0.8138487935066223
ORD0096365,13.626482009887695,0.9983242154121399
ORD0096366,10.897933959960938,0.010363088920712471
ORD0096367,19.523500442504883,0.9964179992675781
ORD0096368,14.594137191772461,0.002343161264434457
ORD0096369,16.42428207397461,0.020951375365257263
ORD0096371,20.073823928833008,0.09716887772083282
ORD0096373,25.885927200317383,0.8308396339416504
ORD0096374,18.816593170166016,0.0010990021983161569
ORD0096375,40.1971549987793,0.991101861000061
ORD0096376,27.506845474243164,0.010694866999983788
ORD0096377,13.661636352539062,0.0009781296830624342
ORD0096378,15.066349983215332,0.003763742046430707
ORD0096380,26.50019073486328,0.001359855872578919
ORD0096382,25.703310012817383,0.7853711843490601
ORD0096383,17.110485076904297,0.9871987700462341
ORD0096385,18.925161361694336,0.014294251799583435
ORD0096386,15.590191841125488,0.00022827279462944716
ORD0096387,20.839317321777344,0.9974368810653687
ORD0096389,12.995288848876953,0.0001830905384849757
ORD0096390,11.198486328125,0.0004408476233948022
ORD0096391,11.085786819458008,0.0009794944198802114
ORD0096392,20.77764129638672,0.0001430312404409051
ORD0096393,20.97372055053711,0.00026935405912809074
ORD0096394,11.106799125671387,0.0015332148177549243
ORD0096395,12.332440376281738,0.13755512237548828
ORD0096396,17.317733764648438,0.0026197147089987993
ORD0096397,17.02732276916504,0.003577909665182233
ORD0096398,20.474994659423828,0.008602532558143139
ORD0096399,17.524808883666992,0.058706384152173996
ORD0096400,27.6625919342041,0.9438230991363525
ORD0096401,35.83984375,0.0005824504769407213
ORD0096402,43.11661911010742,0.010439537465572357
ORD0096403,14.645637512207031,0.7242617607116699
ORD0096404,10.854255676269531,0.04117007181048393
ORD0096405,14.159594535827637,0.0001835866569308564
ORD0096406,16.582904815673828,0.0013793152756989002
ORD0096407,68.66345977783203,0.00059148931177333
ORD0096408,25.912643432617188,0.36834555864334106
ORD0096409,27.929271697998047,0.914490818977356
ORD0096410,16.158466339111328,0.002530432539060712
ORD0096411,15.98674201965332,0.026789823547005653
ORD0096412,31.74547004699707,0.9740467071533203
ORD0096413,21.07258415222168,0.011780773289501667
ORD0096414,15.864487648010254,0.9965512752532959
ORD0096415,13.171123504638672,0.993129312992096
ORD0096416,21.62683868408203,0.9984087347984314
ORD0096417,25.090721130371094,0.9981290698051453
ORD0096418,11.63974380493164,0.11383579671382904
ORD0096419,11.923458099365234,0.6754860281944275
ORD0096420,15.229549407958984,0.5793013572692871
ORD0096421,19.184431076049805,0.9106367230415344
ORD0096422,31.396562576293945,0.0033225114457309246
ORD0096423,27.221790313720703,0.006299889180809259
ORD0096424,20.308626174926758,0.9757510423660278
ORD0096425,22.672462463378906,0.028954902663826942
ORD0096426,19.121000289916992,0.48070356249809265
ORD0096427,19.334556579589844,0.11541958898305893
ORD0096428,24.665203094482422,0.007325298152863979
ORD0096429,31.4512939453125,0.951073944568634
ORD0096430,18.066835403442383,0.03938646242022514
ORD0096431,19.61238670349121,0.9750075340270996
ORD0096432,17.687541961669922,0.00304401945322752
ORD0096433,15.773911476135254,0.7314875721931458
ORD0096434,15.109137535095215,0.22518783807754517
ORD0096435,12.627204895019531,0.1747172623872757
ORD0096436,12.14047622680664,0.0031483503989875317
ORD0096437,21.072235107421875,0.04529048874974251
ORD0096438,21.735841751098633,0.0015832147328183055
ORD0096439,16.526653289794922,0.01040624175220728
ORD0096440,11.144991874694824,0.0008974624797701836
ORD0096441,11.22209358215332,0.019367121160030365
ORD0096442,13.36343002319336,0.6898005604743958
ORD0096443,13.155954360961914,0.11231933534145355
ORD0096444,36.14543151855469,0.0016119267093017697
ORD0096445,8.26127815246582,0.007607125211507082
ORD0096446,14.503952026367188,0.019105570390820503
ORD0096447,17.71208381652832,0.5625632405281067
ORD0096448,11.922706604003906,0.21758106350898743
ORD0096449,14.074575424194336,0.9795357584953308
ORD0096450,15.491371154785156,0.0015289635630324483
ORD0096451,12.622133255004883,0.17468032240867615
ORD0096452,12.569517135620117,0.0026614682283252478
ORD0096453,12.56728458404541,0.0014551786007359624
ORD0096454,12.503811836242676,0.0025118133053183556
ORD0096455,14.046150207519531,0.7783120274543762
ORD0096456,9.900073051452637,0.0006488724029622972
ORD0096457,8.768636703491211,0.0022168622817844152
ORD0096458,11.018712997436523,0.005525524262338877
ORD0096459,10.952518463134766,0.03767009824514389
ORD0096460,12.310425758361816,0.9522700905799866
ORD0096461,11.402307510375977,0.22797074913978577
ORD0096462,11.628597259521484,0.014582091011106968
ORD0096463,11.421121597290039,0.025019221007823944
ORD0096464,17.64341163635254,0.0043656243942677975
ORD0096465,24.14801597595215,0.0018437517574056983
ORD0096466,11.933145523071289,0.0798044204711914
ORD0096467,16.951339721679688,0.9722413420677185
ORD0096468,22.043333053588867,0.601468026638031
ORD0096469,18.632469177246094,0.9969415068626404
ORD0096470,21.02553939819336,0.010926608927547932
ORD0096471,21.37857437133789,0.047479622066020966
ORD0096472,20.197160720825195,0.14535292983055115
ORD0096473,23.92272186279297,0.6764999628067017
ORD0096474,23.404422760009766,0.8359948396682739
ORD0096475,24.498159408569336,0.9801141619682312
ORD0096476,16.50760841369629,0.00047323069884441793
ORD0096477,13.20567798614502,0.0005450352909974754
ORD0096478,23.42221450805664,0.9889405369758606
ORD0096479,23.265216827392578,0.998091995716095
ORD0096480,16.31386947631836,0.0014494577189907432
ORD0096481,18.064693450927734,0.009344587102532387
ORD0096482,27.41156005859375,0.0009156411979347467
ORD0096483,19.246471405029297,0.3660467267036438
ORD0096484,18.905933380126953,0.5670559406280518
ORD0096485,10.563711166381836,0.07210381329059601
ORD0096486,9.249556541442871,0.03969135135412216
ORD0096487,16.654449462890625,0.8238417506217957
ORD0096488,16.040725708007812,0.9340127110481262
ORD0096489,27.385061264038086,0.9816110134124756
ORD0096490,15.831391334533691,0.20917172729969025
ORD0096491,14.157073974609375,0.14128820598125458
ORD0096492,26.328771591186523,0.017361406236886978
ORD0096493,15.83104419708252,0.29507604241371155
ORD0096494,14.08428955078125,0.9227142333984375
ORD0096495,14.825441360473633,0.6041316390037537
ORD0096496,30.33930015563965,0.4203093647956848
ORD0096497,22.10928726196289,0.5635230541229248
ORD0096498,17.206876754760742,0.7010756731033325
ORD0096499,17.572677612304688,0.0014999228296801448
ORD0096500,19.965757369995117,0.00339066912420094
ORD0096501,14.723005294799805,0.00038770871469751
ORD0096502,55.428531646728516,0.11146818846464157
ORD0096503,40.10592269897461,0.0012075199047103524
ORD0096504,23.4456844329834,0.758446216583252
ORD0096505,10.304766654968262,0.00043468308285810053
ORD0096506,9.998239517211914,0.005075974855571985
ORD0096507,14.152870178222656,0.0022161745000630617
ORD0096508,14.330629348754883,0.0004487081023398787
ORD0096509,14.065229415893555,0.0013207109877839684
ORD0096510,23.367481231689453,0.006037724670022726
ORD0096511,20.423721313476562,0.00046836596447974443
ORD0096512,36.164459228515625,0.1346345990896225
ORD0096513,21.93736457824707,0.18615421652793884
ORD0096514,11.599946022033691,0.0001469083217671141
ORD0096515,11.740041732788086,0.0003503848274704069
ORD0096516,10.124110221862793,0.00023820146452635527
ORD0096517,23.53209114074707,0.00017877396021503955
ORD0096518,20.249086380004883,0.002023067558184266
ORD0096519,19.14512062072754,0.011480121873319149
ORD0096520,22.7923641204834,0.977927029132843
ORD0096521,13.694835662841797,0.02520788460969925
ORD0096522,19.896432876586914,0.9987634420394897
ORD0096523,18.812349319458008,0.0007174678612500429
ORD0096524,18.1740665435791,0.12920328974723816
ORD0096525,26.636571884155273,0.9433886408805847
ORD0096526,16.456052780151367,0.0002153120731236413
ORD0096527,14.703714370727539,0.00018853355140890926
ORD0096528,13.460214614868164,0.0007465253584086895
ORD0096529,21.969738006591797,0.0001602974080014974
ORD0096530,17.231019973754883,0.0001202696657855995
ORD0096531,10.346662521362305,0.0009414321393705904
ORD0096532,14.731696128845215,0.0022768734488636255
ORD0096533,13.653778076171875,0.0007623893907293677
ORD0096534,19.05775260925293,0.005572500638663769
ORD0096535,21.06407356262207,0.0027957377023994923
ORD0096536,16.96754264831543,0.13974367082118988
ORD0096537,15.959157943725586,0.02731310762465
ORD0096538,28.988582611083984,0.0005880068056285381
ORD0096539,11.487737655639648,0.6963750720024109
ORD0096540,12.270262718200684,0.374615341424942
ORD0096541,15.092533111572266,0.00012187834363430738
ORD0096542,28.54632568359375,0.003992423880845308
ORD0096543,19.39944076538086,0.003399728797376156
ORD0096544,14.527640342712402,0.0005844273255206645
ORD0096545,28.961788177490234,0.18484479188919067
ORD0096546,18.56866455078125,0.20320263504981995
ORD0096547,17.311922073364258,0.000824034446850419
ORD0096548,21.331356048583984,0.004099286627024412
ORD0096549,16.749969482421875,0.8991645574569702
ORD0096550,12.863905906677246,0.913698136806488
ORD0096551,19.387859344482422,0.9848761558532715
ORD0096552,19.923871994018555,0.989970862865448
ORD0096553,10.803458213806152,0.00450964504852891
ORD0096554,21.90028190612793,0.0005590394139289856
ORD0096555,26.32471466064453,0.0006847832119092345
ORD0096556,16.10235023498535,0.015464723110198975
ORD0096557,13.598499298095703,0.001681092195212841
ORD0096558,15.507087707519531,0.03669962286949158
ORD0096559,13.768095016479492,0.004573052283376455
ORD0096560,25.106857299804688,0.000886077992618084
ORD0096561,16.171546936035156,0.3342881500720978
ORD0096562,16.56087303161621,0.029657216742634773
ORD0096563,22.921825408935547,0.003838191507384181
ORD0096564,18.565288543701172,0.001524477731436491
ORD0096565,16.727214813232422,0.01473208051174879
ORD0096566,18.71788787841797,0.04882953688502312
ORD0096567,19.88090705871582,0.0024296571500599384
ORD0096568,15.708406448364258,0.41540807485580444
ORD0096569,13.99136734008789,0.017751583829522133
ORD0096570,12.84970760345459,0.0019213386112824082
ORD0096571,16.09164810180664,0.8782143592834473
ORD0096572,12.38897705078125,0.007832279428839684
ORD0096573,11.215417861938477,0.03479010611772537
ORD0096574,16.081371307373047,0.010326612740755081
ORD0096575,13.67381477355957,0.36620473861694336
ORD0096576,13.15261173248291,0.49157774448394775
ORD0096577,8.619241714477539,0.0008700759499333799
ORD0096578,16.84275245666504,0.9371505379676819
ORD0096579,12.259714126586914,0.0008279670146293938
ORD0096580,7.765191078186035,0.014733042567968369
ORD0096581,9.429038047790527,0.06913074851036072
ORD0096582,14.527307510375977,0.0603790283203125
ORD0096583,11.544519424438477,0.40948960185050964
ORD0096584,11.58781623840332,0.30476194620132446
ORD0096585,11.332125663757324,0.8614599108695984
ORD0096586,14.821609497070312,0.7818900346755981
ORD0096587,12.932330131530762,0.003167988732457161
ORD0096588,11.738330841064453,0.002150376094505191
ORD0096589,13.439325332641602,0.978434681892395
ORD0096590,11.361662864685059,0.012064408510923386
ORD0096591,9.68029499053955,0.01861209236085415
ORD0096592,8.969719886779785,0.006267279852181673
ORD0096593,12.898889541625977,0.9946234226226807
ORD0096594,11.575557708740234,0.9963163137435913
ORD0096595,13.60105037689209,0.9977245926856995
ORD0096596,11.215160369873047,0.058296091854572296
ORD0096597,12.515380859375,0.24846623837947845
ORD0096598,15.894317626953125,0.008876454085111618
ORD0096599,27.519695281982422,0.0036225286312401295
ORD0096600,28.997783660888672,0.553962767124176
ORD0096601,10.309758186340332,0.04299402981996536
ORD0096602,14.400222778320312,0.9670944213867188
ORD0096603,15.635327339172363,0.3469560146331787
ORD0096604,16.089542388916016,0.9974422454833984
ORD0096605,21.052804946899414,0.000291764794383198
ORD0096606,20.608631134033203,0.0003986062074545771
ORD0096607,19.74149513244629,0.0014583393931388855
ORD0096608,20.86439323425293,0.006056026555597782
ORD0096609,19.95439338684082,0.002965080551803112
ORD0096610,16.854591369628906,0.00018236121104564518
ORD0096611,11.043292999267578,0.0001459761115256697
ORD0096612,17.20400619506836,0.36577290296554565
ORD0096613,18.178783416748047,0.0002107960026478395
ORD0096614,15.748806953430176,0.0003004324098583311
ORD0096615,78.34945678710938,0.00029956662910990417
ORD0096616,27.054340362548828,0.00028298376128077507
ORD0096617,24.382854461669922,0.9510282874107361
ORD0096618,10.314138412475586,0.6037432551383972
ORD0096619,10.319971084594727,0.5732768177986145
ORD0096620,14.314266204833984,0.9848735332489014
ORD0096621,23.953248977661133,0.9970805048942566
ORD0096622,16.082685470581055,0.864190399646759
ORD0096623,13.47142505645752,0.8786437511444092
ORD0096624,15.923030853271484,0.16191351413726807
ORD0096625,12.465802192687988,0.723937451839447
ORD0096626,12.619438171386719,0.3497062027454376
ORD0096627,13.249966621398926,0.19020141661167145
ORD0096628,23.154321670532227,0.323207288980484
ORD0096629,15.72142505645752,0.563964307308197
ORD0096630,16.601741790771484,0.9438915848731995
ORD0096631,40.64192199707031,0.2629903554916382
ORD0096632,19.480178833007812,0.0003522243059705943
ORD0096633,14.666718482971191,0.0009497313876636326
ORD0096634,16.432870864868164,0.0020222512539476156
ORD0096635,44.181915283203125,0.003398472210392356
ORD0096636,40.16413879394531,0.0022218525409698486
ORD0096637,21.366849899291992,0.07614008337259293
ORD0096638,21.268314361572266,0.015922343358397484
ORD0096639,8.844833374023438,0.00014945457223802805
ORD0096640,9.310589790344238,0.00011131874634884298
ORD0096641,8.889213562011719,0.00028860560269095004
ORD0096642,8.998692512512207,0.00010215109796263278
ORD0096643,12.52358627319336,0.00023226812481880188
ORD0096644,12.330606460571289,0.000254313723416999
ORD0096645,16.07245445251465,0.004496582318097353
ORD0096646,19.69728660583496,0.011654586531221867
ORD0096647,24.333219528198242,0.0029065124690532684
ORD0096648,29.857421875,0.4087246060371399
ORD0096649,10.874165534973145,7.649260805919766e-05
ORD0096650,12.588271141052246,0.0006699960213154554
ORD0096651,9.09555435180664,0.00019986134429927915
ORD0096652,14.23562240600586,0.02889418601989746
ORD0096653,20.054426193237305,0.00015505745250266045
ORD0096654,21.946802139282227,0.00017070748435799032
ORD0096655,21.826475143432617,0.9636887311935425
ORD0096656,21.900562286376953,0.9951643943786621
ORD0096657,16.459238052368164,0.9961110949516296
ORD0096658,22.07095718383789,0.9990123510360718
ORD0096659,18.55593490600586,0.0014014462940394878
ORD0096660,18.917299270629883,0.0024188142269849777
ORD0096661,63.23063278198242,0.003729830961674452
ORD0096662,67.65151977539062,0.0018127908697351813
ORD0096663,44.46241760253906,0.00043823104351758957
ORD0096664,11.350553512573242,0.0021422356367111206
ORD0096665,11.827061653137207,0.00019453302957117558
ORD0096666,11.565730094909668,0.08112937957048416
ORD0096667,10.431198120117188,0.0002654620329849422
ORD0096668,18.668893814086914,0.0001452583965146914
ORD0096669,16.57520866394043,0.00017663765174802393
ORD0096670,9.332537651062012,0.0005608449573628604
ORD0096671,7.296784400939941,0.0009775669313967228
ORD0096672,13.592397689819336,0.0023638668935745955
ORD0096673,11.947373390197754,0.008954087272286415
ORD0096674,17.83816909790039,0.03339959308505058
ORD0096675,20.571414947509766,0.1846906989812851
ORD0096676,15.057085990905762,0.6739004850387573
ORD0096677,22.219221115112305,0.892937421798706
ORD0096678,21.120969772338867,0.00048550975043326616
ORD0096679,31.476661682128906,0.001813347451388836
ORD0096680,11.465384483337402,0.9034264087677002
ORD0096681,14.600507736206055,0.00021959315927233547
ORD0096682,12.732070922851562,0.00035738947917707264
ORD0096683,24.186872482299805,0.008055965416133404
ORD0096684,22.991806030273438,0.030925551429390907
ORD0096685,16.72819709777832,0.0006825981545262039
ORD0096686,11.470224380493164,0.0009374941582791507
ORD0096687,23.035600662231445,0.5371851921081543
ORD0096688,20.527788162231445,0.7954275608062744
ORD0096689,16.351852416992188,0.0011907229200005531
ORD0096690,18.010997772216797,0.0020072993356734514
ORD0096691,19.092864990234375,0.9511281847953796
ORD0096692,11.85056209564209,0.9774877429008484
ORD0096693,17.947914123535156,0.9906172156333923
ORD0096694,18.39020347595215,0.9865690469741821
ORD0096695,9.49967098236084,0.010250701569020748
ORD0096696,9.712979316711426,0.04088331758975983
ORD0096697,64.32444763183594,0.000538517371751368
ORD0096698,11.870199203491211,0.027623001486063004
ORD0096699,12.950490951538086,0.00349811720661819
ORD0096700,16.520221710205078,0.18786033987998962
ORD0096701,12.773232460021973,0.004741276148706675
ORD0096702,25.58885955810547,0.0013333064271137118
ORD0096703,19.730205535888672,0.0010063013760372996
ORD0096704,15.172660827636719,0.6106167435646057
ORD0096705,19.478452682495117,0.006106371060013771
ORD0096706,15.319084167480469,0.027788445353507996
ORD0096707,13.864669799804688,0.003130584489554167
ORD0096708,20.031143188476562,0.0063552334904670715
ORD0096709,17.866849899291992,0.0022411933168768883
ORD0096710,11.734357833862305,0.012713906355202198
ORD0096711,14.984732627868652,0.006256657186895609
ORD0096712,16.782638549804688,0.004266204312443733
ORD0096713,12.412176132202148,0.0031060113105922937
ORD0096714,11.828897476196289,0.0836147591471672
ORD0096715,12.237245559692383,0.014451323077082634
ORD0096716,24.391294479370117,0.0017048383597284555
ORD0096717,9.794794082641602,0.013116431422531605
ORD0096718,9.038028717041016,0.008065740577876568
ORD0096719,14.277706146240234,0.006126252934336662
ORD0096720,15.072222709655762,0.002885953290387988
ORD0096721,11.139640808105469,0.003495051758363843
ORD0096722,10.773603439331055,0.002688565757125616
ORD0096723,8.009445190429688,0.001069401390850544
ORD0096724,7.682507514953613,0.03568866103887558
ORD0096725,12.272574424743652,0.10808183252811432
ORD0096726,10.052105903625488,0.0026845016982406378
ORD0096727,9.413154602050781,0.003394727362319827
ORD0096728,8.009902000427246,0.13515940308570862
ORD0096729,12.670368194580078,0.01868492364883423
ORD0096730,10.614480018615723,0.07697198539972305
ORD0096731,11.400424003601074,0.6659438014030457
ORD0096732,9.965422630310059,0.00022186333080753684
ORD0096733,9.428027153015137,9.44418934523128e-05
ORD0096734,8.790728569030762,0.0004363501793704927
ORD0096735,9.369632720947266,0.0003142982895951718
ORD0096736,6.347349166870117,8.732594142202288e-05
ORD0096737,6.469841003417969,0.00011866818385897204
ORD0096738,9.610488891601562,0.000980959739536047
ORD0096739,8.25080680847168,0.0005141044966876507
ORD0096740,7.675778388977051,0.002699093660339713
ORD0096741,8.712599754333496,0.005975167732685804
ORD0096742,10.064532279968262,0.023264847695827484
ORD0096743,9.057881355285645,0.00010406398359918967
ORD0096744,8.90056037902832,0.00014218677824828774
ORD0096745,12.240001678466797,0.00018925905169453472
ORD0096746,11.839310646057129,0.0009349002502858639
ORD0096747,18.094188690185547,0.00015381327830255032
ORD0096748,21.356279373168945,0.0007872708956710994
ORD0096749,8.349410057067871,0.0006891513476148248
ORD0096750,8.404004096984863,0.013670350424945354
ORD0096751,11.519065856933594,0.0008829167345538735
ORD0096752,19.01119613647461,0.00021308044961187989
ORD0096753,18.093238830566406,0.0008015381172299385
ORD0096754,16.506553649902344,0.00021575720165856183
ORD0096755,18.85588264465332,0.004234835505485535
ORD0096756,14.864294052124023,0.00027264596428722143
ORD0096757,12.943191528320312,0.00016840334865264595
ORD0096758,9.1702880859375,0.00013453683641273528
ORD0096759,14.23106575012207,0.0886121541261673
ORD0096760,13.944974899291992,0.0011837054044008255
ORD0096761,13.460737228393555,0.00017124219448305666
ORD0096762,15.017221450805664,0.2151135355234146
ORD0096763,14.313590049743652,0.13884928822517395
ORD0096764,7.736514091491699,0.033390484750270844
ORD0096765,7.031292915344238,0.03015073575079441
ORD0096766,12.762723922729492,0.6295334100723267
ORD0096767,8.756422996520996,0.3020997643470764
ORD0096768,18.5205020904541,0.9290242791175842
ORD0096769,19.14015007019043,0.867122232913971
ORD0096770,11.18917465209961,0.10978513956069946
ORD0096771,10.860296249389648,0.10942497849464417
ORD0096772,14.0224609375,0.9908878803253174
ORD0096773,13.471329689025879,0.9969430565834045
ORD0096774,21.86977195739746,0.9585176110267639
ORD0096775,18.311429977416992,0.957358717918396
ORD0096776,16.56064224243164,0.9875622987747192
ORD0096777,9.978352546691895,0.9885003566741943
ORD0096778,14.272134780883789,0.003818896133452654
ORD0096779,14.399857521057129,0.9215043783187866
ORD0096780,13.032503128051758,0.01368313655257225
ORD0096781,39.284912109375,0.2900305986404419
ORD0096782,19.522327423095703,0.9101646542549133
ORD0096783,13.110828399658203,0.0003137596941087395
ORD0096784,13.105915069580078,0.004086873959749937
ORD0096785,13.359452247619629,0.0009871098445728421
ORD0096786,18.453500747680664,0.000564489106182009
ORD0096787,17.7104549407959,0.2195548564195633
ORD0096788,21.10110092163086,0.0015496588312089443
ORD0096789,16.82050323486328,0.08413302898406982
ORD0096790,20.217432022094727,0.0006425856263376772
ORD0096791,21.547466278076172,0.0006938857841305435
ORD0096792,25.655776977539062,0.015203279443085194
ORD0096793,37.00294494628906,0.3122934401035309
ORD0096794,31.114389419555664,0.019240889698266983
ORD0096795,11.930425643920898,0.00016307472833432257
ORD0096796,13.113826751708984,0.0006525179487653077
ORD0096797,23.055858612060547,0.0002969364286400378
ORD0096798,22.240192413330078,0.005897232331335545
ORD0096799,23.31829071044922,0.8322609663009644
ORD0096800,21.01744842529297,0.7819234132766724
ORD0096801,17.674610137939453,0.34553584456443787
ORD0096802,24.023502349853516,0.000409764121286571
ORD0096803,18.261585235595703,0.00033005012664943933
ORD0096804,23.145065307617188,0.009601404890418053
ORD0096805,28.403911590576172,0.9329172372817993
ORD0096806,19.33609390258789,0.0012529941741377115
ORD0096807,16.69562530517578,0.0007748769130557775
ORD0096808,15.955048561096191,0.0053263939917087555
ORD0096809,23.411895751953125,0.0003855661489069462
ORD0096810,15.116659164428711,0.004297328647226095
ORD0096811,14.443597793579102,0.008123697713017464
ORD0096812,20.03948402404785,0.02941417135298252
ORD0096813,29.000680923461914,0.38556215167045593
ORD0096814,22.18780517578125,0.11779529601335526
ORD0096815,28.66175079345703,0.4685729146003723
ORD0096816,47.01428985595703,0.002050623530521989
ORD0096817,38.95283508300781,0.0005650718230754137
ORD0096818,19.338626861572266,0.9690931439399719
ORD0096819,17.034168243408203,0.8713950514793396
ORD0096820,20.86859130859375,0.0002563056186772883
ORD0096821,90.57417297363281,0.0026004270184785128
ORD0096822,55.38979721069336,0.3023863434791565
ORD0096823,27.738971710205078,0.0006634984165430069
ORD0096824,41.05377960205078,0.027943531051278114
ORD0096825,24.452590942382812,0.0008650029194541276
ORD0096826,18.801050186157227,0.0011262691114097834
ORD0096827,16.854278564453125,0.0006701978272758424
ORD0096828,31.193492889404297,0.662007212638855
ORD0096829,25.7293701171875,0.011234582401812077
ORD0096830,22.159896850585938,0.002543862210586667
ORD0096831,19.657611846923828,0.9763413667678833
ORD0096832,25.010141372680664,0.9959000945091248
ORD0096833,12.596511840820312,0.025288792327046394
ORD0096834,21.050479888916016,0.03748186677694321
ORD0096835,15.925087928771973,0.05976170301437378
ORD0096836,21.199979782104492,0.24543873965740204
ORD0096837,20.814226150512695,0.3134087026119232
ORD0096838,38.50071716308594,0.001943503157235682
ORD0096839,28.054319381713867,0.0024492377415299416
ORD0096840,20.854604721069336,0.7267398834228516
ORD0096841,24.946762084960938,0.8298560380935669
ORD0096842,24.8752498626709,0.009737331420183182
ORD0096843,21.92191505432129,0.005900380201637745
ORD0096844,21.455238342285156,0.05916283279657364
ORD0096845,19.868213653564453,0.04209425672888756
ORD0096846,28.220924377441406,0.008418086916208267
ORD0096847,23.043760299682617,0.03213696554303169
ORD0096848,21.77782440185547,0.005706959404051304
ORD0096849,15.883273124694824,0.10543586313724518
ORD0096850,15.303037643432617,0.022711992263793945
ORD0096851,24.20391082763672,0.004939243663102388
ORD0096852,18.014095306396484,0.003998604603111744
ORD0096853,19.17302131652832,0.24476715922355652
ORD0096854,13.210100173950195,0.911629855632782
ORD0096855,17.56136703491211,0.7676819562911987
ORD0096856,18.10159683227539,0.08922570943832397
ORD0096857,15.672635078430176,0.9715496897697449
ORD0096858,13.648149490356445,0.7710608839988708
ORD0096859,16.05869483947754,0.9683323502540588
ORD0096860,16.993623733520508,0.9487838745117188
ORD0096861,15.766467094421387,0.9875110387802124
ORD0096862,15.982353210449219,0.9911630153656006
ORD0096863,16.20391845703125,0.0003206260735169053
ORD0096864,14.91636848449707,0.001229720888659358
ORD0096865,14.147886276245117,0.00016231164045166224
ORD0096866,14.37393569946289,0.000652793503832072
ORD0096867,11.24103832244873,0.0001521486119600013
ORD0096868,13.915672302246094,0.0011567015899345279
ORD0096869,13.637317657470703,0.011567588895559311
ORD0096870,13.035688400268555,0.004863135050982237
ORD0096871,17.686641693115234,0.6560208797454834
ORD0096872,14.512670516967773,0.012869410216808319
ORD0096873,15.050851821899414,0.8442515134811401
ORD0096874,13.615259170532227,0.00020167742331977934
ORD0096875,13.68809700012207,0.0006768510211259127
ORD0096876,17.524930953979492,0.0003731575852725655
ORD0096877,23.122798919677734,0.07331357151269913
ORD0096878,24.5324764251709,0.0002659238234627992
ORD0096879,27.709426879882812,0.012649842537939548
ORD0096880,13.175830841064453,0.0015178503235802054
ORD0096881,18.699386596679688,0.009069510735571384
ORD0096882,17.179513931274414,0.7893964052200317
ORD0096883,43.05987548828125,0.0008548602345399559
ORD0096884,137.494384765625,0.009233658201992512
ORD0096885,27.39077377319336,0.01887584663927555
ORD0096886,26.010852813720703,0.5416390895843506
ORD0096887,36.19966125488281,0.6668230295181274
ORD0096888,25.677806854248047,0.9485005140304565
ORD0096889,19.853023529052734,0.0009751191246323287
ORD0096890,14.79173469543457,0.005608179606497288
ORD0096891,30.503173828125,0.997678816318512
ORD0096892,25.772258758544922,0.9891003966331482
ORD0096893,21.961511611938477,0.007803337182849646
ORD0096894,21.09375,0.1506645679473877
ORD0096895,25.905467987060547,0.9731955528259277
ORD0096896,23.393041610717773,0.927559494972229
ORD0096897,15.505365371704102,0.8404069542884827
ORD0096898,14.041837692260742,0.9353407025337219
ORD0096899,17.639236450195312,0.9906163811683655
ORD0096900,16.147056579589844,0.9859674572944641
ORD0096901,38.018310546875,0.9970253109931946
ORD0096902,23.86583137512207,0.9963052272796631
ORD0096903,23.752260208129883,0.9050895571708679
ORD0096904,15.650361061096191,0.23614650964736938
ORD0096905,15.867676734924316,0.2504996061325073
ORD0096906,16.46624755859375,0.5736932158470154
ORD0096907,14.760053634643555,0.41877326369285583
ORD0096908,23.108692169189453,0.8540149331092834
ORD0096909,20.986413955688477,0.2183418720960617
ORD0096910,21.724288940429688,0.9770380258560181
ORD0096911,16.31775665283203,0.4149765372276306
ORD0096912,109.37174224853516,0.34529927372932434
ORD0096913,20.824106216430664,0.0015646956162527204
ORD0096914,16.846216201782227,0.000644766550976783
ORD0096915,19.244775772094727,0.004165991209447384
ORD0096916,21.676664352416992,0.0013463457580655813
ORD0096917,50.452693939208984,0.04244425520300865
ORD0096918,26.771610260009766,0.5877000093460083
ORD0096919,29.256044387817383,0.01200695987790823
ORD0096920,33.57460403442383,0.001312411273829639
ORD0096921,12.058025360107422,0.00014803862723056227
ORD0096922,14.567464828491211,0.8735628128051758
ORD0096923,11.188995361328125,0.00028232677141204476
ORD0096924,14.958820343017578,0.9972906708717346
ORD0096925,16.735763549804688,0.0002561807632446289
ORD0096926,19.052616119384766,0.9957582354545593
ORD0096927,16.545190811157227,0.000580783758778125
ORD0096928,15.321438789367676,0.0002202215400757268
ORD0096929,19.933460235595703,0.0015864628367125988
ORD0096930,21.874454498291016,0.20891821384429932
ORD0096931,23.91635513305664,0.0037092750426381826
ORD0096932,27.528553009033203,0.9861518740653992
ORD0096933,39.243247985839844,0.12358931452035904
ORD0096934,14.026493072509766,0.00015793967759236693
ORD0096935,12.457365036010742,0.0001693574304226786
ORD0096936,14.367164611816406,0.0004805532516911626
ORD0096937,13.818334579467773,0.9518457651138306
ORD0096938,24.045063018798828,0.0001593172928551212
ORD0096939,23.05666732788086,0.011479116044938564
ORD0096940,20.26751708984375,0.03181379288434982
ORD0096941,24.843734741210938,0.9990454316139221
ORD0096942,20.29513168334961,0.5614596009254456
ORD0096943,18.305702209472656,0.0009345533326268196
ORD0096944,19.077783584594727,0.0027947064954787493
ORD0096945,29.503854751586914,0.9113019108772278
ORD0096946,32.156856536865234,0.9996058344841003
ORD0096947,57.42485427856445,0.004856900777667761
ORD0096948,73.84370422363281,0.989074170589447
ORD0096949,44.324947357177734,0.0014584630262106657
ORD0096950,83.83592224121094,0.3534555733203888
ORD0096951,28.625225067138672,0.001480833045206964
ORD0096952,82.03800964355469,0.00081418122863397
ORD0096953,15.88824462890625,0.0007843452622182667
ORD0096954,14.35586166381836,0.0009559768950566649
ORD0096955,17.280675888061523,0.003977145999670029
ORD0096956,13.660051345825195,0.008001964539289474
ORD0096957,25.26788330078125,0.0001689183118287474
ORD0096958,23.532711029052734,0.00021715521870646626
ORD0096959,13.605119705200195,0.00019528029952198267
ORD0096960,20.11048126220703,0.030395131558179855
ORD0096961,28.78661346435547,0.000456725392723456
ORD0096962,25.423580169677734,0.33426806330680847
ORD0096963,20.708742141723633,0.00325128436088562
ORD0096964,42.967552185058594,0.00014112160715740174
ORD0096965,12.682209014892578,0.5068880915641785
ORD0096966,15.481477737426758,0.8664793968200684
ORD0096967,20.571718215942383,0.0004343722539488226
ORD0096968,18.286487579345703,0.0007603937992826104
ORD0096969,44.47029495239258,0.9782480597496033
ORD0096970,20.332454681396484,0.23782934248447418
ORD0096971,17.448076248168945,0.20387208461761475
ORD0096972,49.91020584106445,0.9973752498626709
ORD0096973,36.268272399902344,0.9971325397491455
ORD0096974,26.683509826660156,0.9957330822944641
ORD0096975,25.400339126586914,0.8521843552589417
ORD0096976,22.342798233032227,0.998767614364624
ORD0096977,26.690404891967773,0.9994606375694275
ORD0096978,31.9464111328125,0.9990297555923462
ORD0096979,15.268671035766602,0.9037413597106934
ORD0096980,14.809514045715332,0.990574300289154
ORD0096981,16.150663375854492,0.15606260299682617
ORD0096982,15.876331329345703,0.007053852081298828
ORD0096983,20.188138961791992,0.6960693001747131
ORD0096984,17.090940475463867,0.018104348331689835
ORD0096985,39.17758560180664,0.0028349997010082006
ORD0096986,29.07443618774414,0.0005521225393749774
ORD0096987,22.31332778930664,0.9606781601905823
ORD0096988,17.714235305786133,0.17074503004550934
ORD0096989,27.286354064941406,0.01885293796658516
ORD0096990,29.44472312927246,0.002413403242826462
ORD0096991,26.857036590576172,0.1158471629023552
ORD0096992,18.13908576965332,0.01438314002007246
ORD0096993,26.736486434936523,0.007174965459853411
ORD0096994,33.151611328125,0.0021617284510284662
ORD0096995,17.394105911254883,0.017695745453238487
ORD0096996,20.713623046875,0.007350309751927853
ORD0096997,21.368507385253906,0.008033000864088535
ORD0096998,14.966146469116211,0.00167105405125767
ORD0096999,15.658136367797852,0.03752051666378975
ORD0097000,13.184154510498047,0.01038332935422659
ORD0097001,13.772785186767578,0.018922023475170135
ORD0097002,15.0966796875,0.020317038521170616
ORD0097003,20.674100875854492,0.006706752814352512
ORD0097004,23.038166046142578,0.004666059277951717
ORD0097005,15.928297996520996,0.25612083077430725
ORD0097006,15.978231430053711,0.004324737470597029
ORD0097007,14.872597694396973,0.08020491153001785
ORD0097008,17.644527435302734,0.6522049307823181
ORD0097009,11.858407974243164,0.00580248236656189
ORD0097010,10.25752067565918,0.10028094798326492
ORD0097011,15.016275405883789,0.012675680220127106
ORD0097012,16.390512466430664,0.578920841217041
ORD0097013,13.193771362304688,0.09048814326524734
ORD0097014,14.781942367553711,9.252677409676835e-05
ORD0097015,12.020782470703125,0.0005404670373536646
ORD0097016,12.459981918334961,0.00011560804705368355
ORD0097017,12.434813499450684,0.00015000079292804003
ORD0097018,12.356517791748047,0.00011207976785954088
ORD0097019,12.610969543457031,0.003623902564868331
ORD0097020,10.272858619689941,8.066729787969962e-05
ORD0097021,9.665719032287598,0.00022086290118750185
ORD0097022,11.380990028381348,0.00018179141625296324
ORD0097023,13.393590927124023,0.024043412879109383
ORD0097024,10.268350601196289,0.0004299769061617553
ORD0097025,13.220547676086426,0.5163203477859497
ORD0097026,12.14124584197998,0.0017159708077087998
ORD0097027,11.765758514404297,8.127203182084486e-05
ORD0097028,12.071781158447266,0.0001687047042651102
ORD0097029,15.577874183654785,0.00023459660587832332
ORD0097030,20.902223587036133,0.17733120918273926
ORD0097031,24.738414764404297,0.0001568823936395347
ORD0097032,12.107728958129883,0.001577600254677236
ORD0097033,15.160801887512207,0.0034247441217303276
ORD0097034,17.064998626708984,0.9612374901771545
ORD0097035,29.27898406982422,0.0006677149794995785
ORD0097036,70.16336822509766,0.0012319296365603805
ORD0097037,42.32208251953125,0.14085467159748077
ORD0097038,46.883331298828125,0.0017249425873160362
ORD0097039,65.62066650390625,0.000560292974114418
ORD0097040,25.336668014526367,0.0009534145356155932
ORD0097041,21.421524047851562,0.0018781144171953201
ORD0097042,20.448585510253906,0.0061177778989076614
ORD0097043,24.201669692993164,0.3591623902320862
ORD0097044,27.522438049316406,0.32048556208610535
ORD0097045,20.3580322265625,0.00028597042546607554
ORD0097046,24.49992561340332,0.9667169451713562
ORD0097047,20.1521053314209,0.963922381401062
ORD0097048,17.44639015197754,0.0006233654567040503
ORD0097049,25.057065963745117,0.9805827736854553
ORD0097050,14.164335250854492,0.8792707920074463
ORD0097051,17.93196678161621,0.9948750138282776
ORD0097052,13.981545448303223,0.6115642786026001
ORD0097053,27.816699981689453,0.9984608888626099
ORD0097054,24.391984939575195,0.963948667049408
ORD0097055,20.641206741333008,0.9337208867073059
ORD0097056,16.96466064453125,0.47689393162727356
ORD0097057,18.98490333557129,0.3090783357620239
ORD0097058,13.713841438293457,0.22377482056617737
ORD0097059,15.470848083496094,0.6157529950141907
ORD0097060,14.699153900146484,0.6716476678848267
ORD0097061,25.16239356994629,0.5278025269508362
ORD0097062,17.4425106048584,0.7174730896949768
ORD0097063,13.23631763458252,0.4792281985282898
ORD0097064,22.31255340576172,0.0009429870406165719
ORD0097065,23.05926513671875,0.001975209917873144
ORD0097066,18.84173583984375,0.00022174236073624343
ORD0097067,55.504337310791016,0.044988080859184265
ORD0097068,40.486328125,0.00025583466049283743
ORD0097069,29.45159912109375,0.3439406454563141
ORD0097070,23.25326156616211,0.0019983667880296707
ORD0097071,12.671575546264648,0.0015271410811692476
ORD0097072,12.611747741699219,0.001792771858163178
ORD0097073,12.656461715698242,0.2051704227924347
ORD0097074,12.328014373779297,0.3909189999103546
ORD0097075,18.684720993041992,0.055265676230192184
ORD0097076,16.47431755065918,0.08408696949481964
ORD0097077,17.4429988861084,0.00029205449391156435
ORD0097078,19.779237747192383,0.9969351291656494
ORD0097079,22.6987361907959,0.0034223883412778378
ORD0097080,23.01530647277832,0.9177558422088623
ORD0097081,33.4439811706543,0.0471109077334404
ORD0097082,38.19993591308594,0.010824241675436497
ORD0097083,36.72084045410156,0.9975153207778931
ORD0097084,19.390539169311523,0.0005465163267217577
ORD0097085,13.73209285736084,0.000824757560621947
ORD0097086,16.474851608276367,0.00019463099306449294
ORD0097087,15.015724182128906,0.9922105073928833
ORD0097088,28.9594783782959,0.0032334558200091124
ORD0097089,27.108295440673828,0.7346392273902893
ORD0097090,20.999454498291016,0.9795547127723694
ORD0097091,30.70892906188965,0.0006977767334319651
ORD0097092,21.332475662231445,0.16138245165348053
ORD0097093,32.084922790527344,0.9962766766548157
ORD0097094,65.11720275878906,0.008998733013868332
ORD0097095,76.82489013671875,0.0026664764154702425
ORD0097096,19.09929656982422,0.0033005722798407078
ORD0097097,15.368583679199219,0.022040320560336113
ORD0097098,13.704322814941406,9.572212002240121e-05
ORD0097099,30.768104553222656,0.0002859619853552431
ORD0097100,16.34808921813965,0.00018797567463479936
ORD0097101,14.270522117614746,0.0041543892584741116
ORD0097102,23.941492080688477,0.6126427054405212
ORD0097103,17.476430892944336,0.01919390819966793
ORD0097104,34.58110046386719,0.9778112173080444
ORD0097105,33.302032470703125,0.7661634087562561
ORD0097106,20.995471954345703,0.0008562929579056799
ORD0097107,38.2967529296875,0.0001309381186729297
ORD0097108,50.79249954223633,0.0012579855974763632
ORD0097109,16.895614624023438,0.0009070729720406234
ORD0097110,17.988574981689453,0.0012389778858050704
ORD0097111,17.572181701660156,0.00026490073651075363
ORD0097112,103.4475326538086,0.0005130710196681321
ORD0097113,36.9100341796875,0.10251150280237198
ORD0097114,19.230178833007812,0.0015087970532476902
ORD0097115,29.734498977661133,0.9268657565116882
ORD0097116,25.44620132446289,0.0034419093281030655
ORD0097117,23.893239974975586,0.0008743022917769849
ORD0097118,24.961950302124023,0.9902328252792358
ORD0097119,12.261126518249512,0.012659143656492233
ORD0097120,26.482267379760742,0.9981843829154968
ORD0097121,12.808563232421875,0.07601336389780045
ORD0097122,14.71923828125,0.003732152981683612
ORD0097123,17.744426727294922,0.6692171096801758
ORD0097124,20.710126876831055,0.9299371838569641
ORD0097125,33.762176513671875,0.005723591428250074
ORD0097126,25.284378051757812,0.9872015714645386
ORD0097127,21.337390899658203,0.6780762672424316
ORD0097128,36.290931701660156,0.04839397594332695
ORD0097129,28.259315490722656,0.28245729207992554
ORD0097130,24.864360809326172,0.5656629800796509
ORD0097131,72.12759399414062,0.147799551486969
ORD0097132,45.646156311035156,0.001821943442337215
ORD0097133,39.65461730957031,0.297819584608078
ORD0097134,20.622583389282227,0.8272266983985901
ORD0097135,21.77098274230957,0.20865529775619507
ORD0097136,21.038921356201172,0.060222700238227844
ORD0097137,23.734590530395508,0.9755270481109619
ORD0097138,18.910655975341797,0.8426221013069153
ORD0097139,54.122127532958984,0.0014717115554958582
ORD0097140,14.788795471191406,0.07333138585090637
ORD0097141,15.900996208190918,0.014055456966161728
ORD0097142,23.841598510742188,0.017044998705387115
ORD0097143,22.16539192199707,0.0023372587747871876
ORD0097144,23.84526824951172,0.006803927943110466
ORD0097145,19.3523006439209,0.0016185459680855274
ORD0097146,17.34524154663086,0.9426125884056091
ORD0097147,17.223831176757812,0.5223100185394287
ORD0097148,26.628997802734375,0.0014011940220370889
ORD0097149,57.315673828125,0.0013491528807207942
ORD0097150,12.755274772644043,0.003584520425647497
ORD0097151,15.397735595703125,0.007051615510135889
ORD0097152,17.04851531982422,0.01411458756774664
ORD0097153,13.516237258911133,0.04592720419168472
ORD0097154,13.05679988861084,0.0005805629771202803
ORD0097155,12.254250526428223,0.00019216848886571825
ORD0097156,12.018760681152344,0.0002123687299899757
ORD0097157,12.138765335083008,0.00011393732711439952
ORD0097158,13.079879760742188,0.004883305635303259
ORD0097159,9.355310440063477,0.00046071939868852496
ORD0097160,12.765600204467773,0.1514781266450882
ORD0097161,11.623387336730957,0.00035164656583219767
ORD0097162,12.66562271118164,0.7561705112457275
ORD0097163,13.744274139404297,0.9381961822509766
ORD0097164,10.979310035705566,0.0011515964288264513
ORD0097165,11.003453254699707,0.00027182683697901666
ORD0097166,10.789628028869629,0.00013293401570990682
ORD0097167,19.162973403930664,0.004181951750069857
ORD0097168,18.798370361328125,0.0007979577057994902
ORD0097169,28.812673568725586,0.001527390442788601
ORD0097170,32.96768569946289,0.000354260002495721
ORD0097171,16.232078552246094,0.21631960570812225
ORD0097172,13.778556823730469,0.005814537871629
ORD0097173,22.948244094848633,0.794031023979187
ORD0097174,21.125001907348633,0.00453696446493268
ORD0097175,20.39467430114746,0.0016634886851534247
ORD0097176,29.003402709960938,0.08753586560487747
ORD0097177,27.838787078857422,0.6468308568000793
ORD0097178,26.088464736938477,0.045482512563467026
ORD0097179,16.065176010131836,0.0003932663530576974
ORD0097180,24.238113403320312,0.9825628995895386
ORD0097181,19.526792526245117,0.0013872662093490362
ORD0097182,21.001604080200195,0.0005324122030287981
ORD0097183,19.025619506835938,0.3606317639350891
ORD0097184,22.13260841369629,0.00876765139400959
ORD0097185,11.541683197021484,0.04017621651291847
ORD0097186,19.087841033935547,0.7048454284667969
ORD0097187,25.50009536743164,0.9657968282699585
ORD0097188,17.126577377319336,0.016740338876843452
ORD0097189,18.171234130859375,0.15155865252017975
ORD0097190,17.51943588256836,0.5026081204414368
ORD0097191,14.552596092224121,0.7551693916320801
ORD0097192,12.57341194152832,0.7760455012321472
ORD0097193,29.076461791992188,0.8914010524749756
ORD0097194,24.736000061035156,0.5269595980644226
ORD0097195,20.604480743408203,0.9804103970527649
ORD0097196,19.66261100769043,0.0005708241951651871
ORD0097197,17.970169067382812,0.0005051540792919695
ORD0097198,19.21463966369629,0.002241257345303893
ORD0097199,18.371257781982422,0.0017874363111332059
ORD0097200,52.51272201538086,0.011788898147642612
ORD0097201,41.12244415283203,0.00996214896440506
ORD0097202,28.43279457092285,0.4712902307510376
ORD0097203,24.746740341186523,0.15820465981960297
ORD0097204,11.165054321289062,0.04847308248281479
ORD0097205,13.274921417236328,0.9553737640380859
ORD0097206,12.781085968017578,0.8786340355873108
ORD0097207,16.487924575805664,0.9242315292358398
ORD0097208,15.140300750732422,0.3498847782611847
ORD0097209,14.115082740783691,0.0011227000504732132
ORD0097210,13.889274597167969,0.1616569459438324
ORD0097211,16.988710403442383,0.0061411471106112
ORD0097212,14.894889831542969,0.0009347769664600492
ORD0097213,31.051027297973633,0.03034592792391777
ORD0097214,25.422626495361328,0.008925545029342175
ORD0097215,35.8507080078125,0.5224014520645142
ORD0097216,34.236080169677734,0.14348287880420685
ORD0097217,12.701866149902344,0.00029795023147016764
ORD0097218,9.984888076782227,0.0005500231054611504
ORD0097219,11.433021545410156,0.00216698762960732
ORD0097220,26.09724235534668,0.000319853046676144
ORD0097221,19.60780906677246,0.05767711251974106
ORD0097222,16.93642807006836,0.01251642219722271
ORD0097223,16.117855072021484,0.23558944463729858
ORD0097224,14.139460563659668,0.8303313255310059
ORD0097225,20.932321548461914,0.002128871623426676
ORD0097226,14.813337326049805,0.00032089336309581995
ORD0097227,20.701541900634766,0.8058617115020752
ORD0097228,30.187210083007812,0.9891461133956909
ORD0097229,14.28061580657959,0.00020709649834316224
ORD0097230,14.626585960388184,0.0014492631889879704
ORD0097231,12.41786003112793,0.0022347462363541126
ORD0097232,20.828859329223633,0.00014474240015260875
ORD0097233,22.90959358215332,0.0002611342933960259
ORD0097234,12.004494667053223,0.00764887360855937
ORD0097235,9.817813873291016,0.015471694059669971
ORD0097236,19.280202865600586,0.0011700434843078256
ORD0097237,14.277578353881836,0.0743793398141861
ORD0097238,22.82870101928711,0.03449714928865433
ORD0097239,16.338790893554688,0.019789259880781174
ORD0097240,24.674392700195312,0.0006568287499248981
ORD0097241,26.750247955322266,0.0006627243128605187
ORD0097242,48.25481033325195,0.00026967294979840517
ORD0097243,13.67357063293457,0.05407881364226341
ORD0097244,12.615352630615234,0.0009005620959214866
ORD0097245,18.384307861328125,0.00019369462097529322
ORD0097246,18.682600021362305,0.000945826293900609
ORD0097247,84.89198303222656,0.0007620433461852372
ORD0097248,73.02535247802734,0.001057735295034945
ORD0097249,26.501157760620117,0.07798606157302856
ORD0097250,24.876441955566406,0.00670376094058156
ORD0097251,19.365093231201172,0.0011024388950318098
ORD0097252,15.939064025878906,0.0008960210834629834
ORD0097253,33.20519256591797,0.8979173898696899
ORD0097254,18.405305862426758,0.003663577837869525
ORD0097255,22.670448303222656,0.9909989833831787
ORD0097256,11.923168182373047,0.23053748905658722
ORD0097257,21.68813705444336,0.9976772665977478
ORD0097258,25.407516479492188,0.8715369701385498
ORD0097259,10.53488540649414,0.09024713188409805
ORD0097260,11.88979434967041,0.0041909473948180676
ORD0097261,16.040428161621094,0.41676610708236694
ORD0097262,21.250234603881836,0.9214959740638733
ORD0097263,39.63416290283203,0.002205920871347189
ORD0097264,24.89182472229004,0.10779952257871628
ORD0097265,22.60966682434082,0.9691882133483887
ORD0097266,28.929813385009766,0.027299415320158005
ORD0097267,23.865739822387695,0.4277053475379944
ORD0097268,20.611574172973633,0.9527689814567566
ORD0097269,30.559223175048828,0.6103940606117249
ORD0097270,30.38259506225586,0.7861250042915344
ORD0097271,19.079710006713867,0.8918542265892029
ORD0097272,20.72080421447754,0.9493492841720581
ORD0097273,17.150339126586914,0.1389385461807251
ORD0097274,16.56778907775879,0.29889050126075745
ORD0097275,15.180699348449707,0.9869121313095093
ORD0097276,12.542064666748047,0.09146123379468918
ORD0097277,14.504528045654297,0.0031042753253132105
ORD0097278,17.368431091308594,0.01434803195297718
ORD0097279,21.042278289794922,0.001728643081150949
ORD0097280,14.435678482055664,0.006842601578682661
ORD0097281,11.840291023254395,0.000686532526742667
ORD0097282,10.530472755432129,0.021432455629110336
ORD0097283,15.275489807128906,0.38168948888778687
ORD0097284,14.41297721862793,0.11924614012241364
ORD0097285,43.09332275390625,0.0032692328095436096
ORD0097286,12.575176239013672,0.007968547753989697
ORD0097287,15.638525009155273,0.016465118154883385
ORD0097288,13.78110122680664,0.02300182171165943
ORD0097289,12.385811805725098,0.14832328259944916
ORD0097290,12.625387191772461,0.23618033528327942
ORD0097291,13.247690200805664,0.0022031927946954966
ORD0097292,13.543720245361328,0.813571572303772
ORD0097293,11.909585952758789,0.0002682788763195276
ORD0097294,12.255698204040527,0.0015336659271270037
ORD0097295,12.077068328857422,0.012838486582040787
ORD0097296,14.975736618041992,0.9801629781723022
ORD0097297,9.014323234558105,0.0004035238525830209
ORD0097298,9.44105339050293,0.009806307032704353
ORD0097299,11.23232650756836,0.20390604436397552
ORD0097300,12.594194412231445,0.8135077357292175
ORD0097301,12.469956398010254,0.9962839484214783
ORD0097302,13.149855613708496,0.9837759137153625
ORD0097303,11.590558052062988,0.0010506430407986045
ORD0097304,11.843260765075684,0.109382763504982
ORD0097305,15.64361572265625,0.0007998073124326766
ORD0097306,22.34698486328125,0.000361548678483814
ORD0097307,11.948265075683594,0.006230644881725311
ORD0097308,11.375057220458984,0.0001992904581129551
ORD0097309,15.518057823181152,0.020701253786683083
ORD0097310,14.576918601989746,0.000389932538382709
ORD0097311,21.024837493896484,0.006420326419174671
ORD0097312,22.61054229736328,0.011491653509438038
ORD0097313,21.344989776611328,0.06923355907201767
ORD0097314,23.023853302001953,0.26227524876594543
ORD0097315,21.429908752441406,0.7819750308990479
ORD0097316,21.33671760559082,0.918175458908081
ORD0097317,13.23320198059082,0.00031605790718458593
ORD0097318,12.542980194091797,0.000559402396902442
ORD0097319,20.824007034301758,0.9884397983551025
ORD0097320,24.51293182373047,0.9924793243408203
ORD0097321,15.756065368652344,0.0012732434552162886
ORD0097322,17.938798904418945,0.002435489324852824
ORD0097323,28.703161239624023,0.0008676919969730079
ORD0097324,22.946046829223633,0.9691674113273621
ORD0097325,20.881973266601562,0.9529253840446472
ORD0097326,13.922872543334961,0.51900714635849
ORD0097327,9.538361549377441,0.40459737181663513
ORD0097328,19.072059631347656,0.9899765849113464
ORD0097329,15.920307159423828,0.988788902759552
ORD0097330,26.661977767944336,0.9981634020805359
ORD0097331,19.413183212280273,0.7725808024406433
ORD0097332,16.3886661529541,0.713289737701416
ORD0097333,34.75480270385742,0.06399401277303696
ORD0097334,16.365007400512695,0.9573540687561035
ORD0097335,17.337520599365234,0.990038275718689
ORD0097336,15.1098051071167,0.9883850812911987
ORD0097337,27.57455825805664,0.9813724756240845
ORD0097338,21.716354370117188,0.9666094779968262
ORD0097339,23.717872619628906,0.9885767102241516
ORD0097340,19.88286590576172,0.09019958972930908
ORD0097341,19.855762481689453,0.702273964881897
ORD0097342,19.38218879699707,0.0006797362584620714
ORD0097343,59.830726623535156,0.9896739721298218
ORD0097344,34.389434814453125,0.0021947850473225117
ORD0097345,28.10442352294922,0.9970355033874512
